,Discription,Name,Age,Date,Sex,Size,Color,Education,Breed,Adjusted to,Image,Link
0,"אנחנו לא יודעים כמה זמן נשאר לעלמה לחיות. זאת האמת. המדהימה הזאת, עם שמחת החיים הזאת, לא הצליחה להתרומם על הרגליים לפני מספר ימים ובבדיקה נמצא שהיא סובלת מניוון שרירים. אם תסתכלו בסרטון, תראו את פלג גופה האחורי חלש. עם הזמן, גם שאר השרירים בגוף ילכו וייחלשו. לצערנו, במקרה של ניוון שרירים אין שום תרופה שיכולה לעזור לעלמה שלנו. עלמה היא כלבה שמחכה כבר שנים לצאת מכאן. היא מסרבת להזדקן, היא מסרבת להיות ""חולה"" אנחנו כל כך רוצים שאת הזמן שנשאר לה לחיות, לא תעביר בכלבייה. עלמה לוקחת חלק בפרויקט #אומנהלחיים אימוץ ללא עלות עבור הכלבים המבוגרים/חולים שלנו, כולל טיפולים רפואיים ו-2 שקי מזון מתנת ביופט – אוהבים כלבים.",עלמה,8 שנים,24-02-2016,נקבה,בינוני,בז',חינוך בסיסי,"מעורב, מלינוואה","ילדים, ספורטאים, אנשים שכבר גדלו כלב בעבר",https://www.letlive.org.il/wp-content/uploads/2023/06/alma-5-330x330.jpg,https://www.letlive.org.il/?pet=%d7%a2%d7%9c%d7%9e%d7%94-5
1,"גולו מתוקולו! כלבלבונת משגעת שהגיעה אלינו עם שבר כואב בלסת. היא נותחה כמו גדולה, החלימה בענק ועכשיו משתובב ומחלקת נשיקות ואהבה לכל מי שבסביבה..",גולו,שנה,06-07-2022,נקבה,בינוני,חום שחור,חינוך בסיסי,מעורב,"בית עם חתולים, ילדים, ספורטאים",https://www.letlive.org.il/wp-content/uploads/2023/12/gulu-13-330x330.jpg,https://www.letlive.org.il/?pet=%d7%92%d7%95%d7%9c%d7%95
2,"חובב הוא כלבלב עם לב זהב, שננטש מבית שלא העריך את הממתק העדין והמתוק שיש בו אהבה בלי סוף.",חובב,6 שנים,11-07-2017,זכר,גדול,שחור לבן,חינוך בסיסי,מעורב,"ספורטאים, אנשים שכבר גדלו כלב בעבר",https://www.letlive.org.il/wp-content/uploads/2023/05/hovav-330x330.jpg,https://www.letlive.org.il/?pet=%d7%97%d7%95%d7%91%d7%91-2
3,שוקו הממתק. כלבלבון שנמצא משוטט לבדו עצוב נורא. הגיע אלינו ומאז מפזר מתיקות וחמידות בלי הפסקה..,שוקו,שנתיים,23-03-2022,זכר,בינוני,שחור לבן,חינוך בסיסי,מעורב,"ילדים, ספורטאים",https://www.letlive.org.il/wp-content/uploads/2024/03/shoko-16-330x330.jpg,https://www.letlive.org.il/?pet=%d7%a9%d7%95%d7%a7%d7%95-7
4,"נוימן המתוק אומץ בתור גור ואז לדברי משפחתו ""זה לא הסתדר"" והאומלל חזר לכלוב. אחר כך הוא שוב אומץ ואז שוב ננטש, כי היה עם אב יחדני שהחליט,אחרי 4 שנים, שזה לא מתאים לו עכשיו. כמה אפשר להעביר נפש אחת טהורה? כמה אפשר לטלטל כלב שבסך הכל רוצה אהבה. כלב מקסים שמחכה, אחת ולתמיד, למשפחה שמבינה שלאמץ זה לכל החיים! נוימן לוקח חלק בפרויקט #אומנהלחיים, אימוץ ללא עלות, כולל טיפולים רפואיים בהתאם לגילו, עלינו ו-2 שקי מזון גדולים מתנת אורבן צ'ויס..",נוימן,7 שנים,12-10-2016,זכר,גדול,חום לבן,חינוך בסיסי,מעורב,"ילדים, ספורטאים, אנשים שכבר גדלו כלב בעבר",https://www.letlive.org.il/wp-content/uploads/2019/12/noima-6-330x330.jpg,https://www.letlive.org.il/?pet=%d7%a0%d7%95%d7%99%d7%9e%d7%9f
5,"פיניקס הגיע אלינו בתור גור קטן, אומץ ואחרי 10 חודשים ננטש מבית. הוא כלב מאוד חששן וחשדן שזקוק לסביבה רגועה, סבלנית ואוהבת. פיניקס גר בעיר ולא הסתדר עם הרעש וההמולה שמסביב, הוא היה בבית עם ילדים אבל נראה שעדיף לו להיות בבית שיש בו בעיקר שקט. כלב מקסים שזקוק למאמצים עם ניסיון וסבלנות.",פיניקס,4 שנים,05-06-2019,זכר,גדול,שחור לבן,חינוך בסיסי,"מעורב, בורדר קולי","ספורטאים, אנשים שכבר גדלו כלב בעבר, בית עם חתולים",https://www.letlive.org.il/wp-content/uploads/2021/10/fini-330x330.jpg,https://www.letlive.org.il/?pet=%d7%a4%d7%99%d7%a0%d7%99%d7%a7%d7%a1-2
6,"סנופי ננטש מבית כי מאוד שומר על מי שאוהב ועל כך נענש ובגיל 10 לכלוב ננטש. ימי הקיץ הלוהטים, לא השאירו הקיץ טיפת חמלה, בליבם של בני האדם וסנופי מצטרף לרשימה ארוכה מדי של כלבים מבוגרים שבמקום שיזדקנו בכבוד, במזגן, כלואים בחום מאחורי הסורגים..סנופי לוקח חלק בפרויקט #אומנהלחיים אימוץ ללא עלות, כולל טיפולים רפואיים בהתאם גילו-עלינו ו-2 שקי מזון גדולים מתנת ביופט..",סנופי,10 שנים,07-08-2013,זכר,בינוני,לבן,חינוך בסיסי,מעורב,"ספורטאים, אנשים שכבר גדלו כלב בעבר, בית עם חתולים",https://www.letlive.org.il/wp-content/uploads/2023/08/snopy-1-330x330.jpg,https://www.letlive.org.il/?pet=%d7%a1%d7%a0%d7%95%d7%a4%d7%99-3
7,"הוא עדין ומתוק, הוא קצת הולך לאיבוד בין מאות כלבלבים, הוא ביישן במפגש ראשון, אבל הוא הכי שווה את ההשקעה שלכם, כי מדובר במתיקות אמיתית. זאודיק הנסיך, הגיע אלינו בתור גור קטן ולמעלה משנה מחכה לבית סבלני ואוהב. הוא עבר תהליך מדהים, אבל עדיין זקוק למאמצים שיפתחו עבורו את הלב, שיהיו סבלניים ויתנו לו את הזמן להפתח ולהוציא את החמידות שמסתתרת בפנים..",זאודיק,3 שנים,05-08-2020,זכר,גדול,חום לבן,חינוך בסיסי,מעורב,"ילדים, ספורטאים, אנשים שכבר גדלו כלב בעבר, בית עם חתולים",https://www.letlive.org.il/wp-content/uploads/2023/09/zaudik-2-330x330.jpg,https://www.letlive.org.il/?pet=%d7%96%d7%90%d7%95%d7%93%d7%99%d7%a7
8,ראינה המתוקה. כלבלבונת שנמצאה משוטטת לבדה והיתה מאוד עצובה ומבולבלת. היא הגיעה אלינו ומכאן רוצה להרגיש מוגנת ואהובה עם משפחה מפנקת..,ראינה,שנה,01-12-2022,נקבה,בינוני,שחור לבן,חינוך בסיסי,מעורב,"ילדים, ספורטאים",https://www.letlive.org.il/wp-content/uploads/2024/03/raina-3-330x330.jpg,https://www.letlive.org.il/?pet=%d7%a8%d7%90%d7%99%d7%a0%d7%94
9,"פאולה ההמהממת! יפה ברמות אחרות, כלבה מקסימה, ננטשה מבית בטענה שראקטיבית מדי ולכן עכשיו מחכה למאמצים עם ניסיון, שידעו לעבוד איתה נכון ולהבטיח לה בית לתמיד, כי האהבה שלה שווה את הכל..",פאולה,שנה,19-10-2022,נקבה,בינוני,חום,חינוך בסיסי,מעורב,"אנשים שכבר גדלו כלב בעבר, ילדים, ספורטאים",https://www.letlive.org.il/wp-content/uploads/2024/03/paula-15-330x330.jpg,https://www.letlive.org.il/?pet=%d7%a4%d7%90%d7%95%d7%9c%d7%94
10,"קארי המתוקה. כלבלבונת עדינה ומקסימה שהגיעה אלינו מהצפון. היא טובה, היא כובשת, היא רק זקוקה ליותר מרגע אחד, כדי לחשוף את כל הקסם והמתיקות שבה..",קארי,שנתיים,09-03-2022,נקבה,בינוני,חום שחור לבן,חינוך בסיסי,מעורב,"ילדים, ספורטאים, אנשים שכבר גדלו כלב בעבר, בית עם חתולים",https://www.letlive.org.il/wp-content/uploads/2024/03/kari-1-330x330.jpg,https://www.letlive.org.il/?pet=%d7%a7%d7%90%d7%a8%d7%99
11,"את צור המתוק הוצאנו ""מכלביית המוות"" כלבייה שהצלחנו לסגור אחרי תחקיר בו הראנו את הזוועות שעברו שם הכלבים המסכנים. צור חווה, ככל הנראה, את האלימות והתנאים הנוראיים ועכשיו מגיע לו לזכות בהכי טוב שיש. הוא פחדן ואפשר להבין אותו, אבל בסבלנות ומרחב לאהבה, הלב ירפא ואנחנו מבטיחים שזה יהיה מרגש כל כך..",צור,שלושה עד שישה חודשים,11-10-2023,זכר,בינוני,חום לבן,חינוך בסיסי,מעורב,"ילדים, ספורטאים, אנשים שכבר גדלו כלב בעבר, בית עם חתולים",https://www.letlive.org.il/wp-content/uploads/2024/03/zur-1-330x330.jpg,https://www.letlive.org.il/?pet=%d7%a6%d7%95%d7%a8-2
12,"את ווקר נטשו מבית כי הוא כלבלב חשדן ולחוץ. הוא מאוד נלחץ מסיטואציות חדשות, אנשים חדשים ולכן זקוק עכשיו למאמצים עם ניסיון, סבלנות ורצון לתקן את הלב שפגעו בו המון..",ווקר,שנה,11-01-2023,זכר,בינוני,חום שחור לבן,חינוך בסיסי,מעורב,"אנשים שכבר גדלו כלב בעבר, ספורטאים",https://www.letlive.org.il/wp-content/uploads/2024/03/waker-4-330x330.jpg,https://www.letlive.org.il/?pet=%d7%95%d7%95%d7%a7%d7%a8
13,"את שולי המתוק נטשו מבית כשברח מהחצר ואנחנו יכולים לשער, שברח מהחצר כי נלחץ ממשהו..שולי הוא כלב לחוץ. הוא לא מרגיש מוגן וכשהוא נלחץ, הוא באמת לא יודע מה לעשות עם עצמו. כלב עדין ומקסים שפשוט זקוק למאמצים עם נסיון, לבית שקט ורגוע ואז האהבה לצדו תפרח והוא יעניק המון.",שולי,3 שנים,18-03-2021,נקבה,בינוני,חום לבן,חינוך בסיסי,מעורב,"ספורטאים, אנשים שכבר גדלו כלב בעבר",https://www.letlive.org.il/wp-content/uploads/2024/03/shuli-18-330x330.jpg,https://www.letlive.org.il/?pet=%d7%a9%d7%95%d7%9c%d7%99-3
14,"חמידות שיא של כלבלבון שמעט חששן ולכן זקוק למאמצים עם ניסיון וסבלנות, כדי שיוכל להפתח ולהפוך לממרח.",ג'וקר,שנתיים,03-09-2021,זכר,בינוני,חום,חינוך בסיסי,מעורב,"ילדים, ספורטאים, אנשים שכבר גדלו כלב בעבר, בית עם חתולים",https://www.letlive.org.il/wp-content/uploads/2023/05/joker-2-330x330.jpg,https://www.letlive.org.il/?pet=%d7%92%d7%95%d7%a7%d7%a8
15,"את פולה המתוקה אימצו בתור גורונת קטנטנה ונטשו אותה אחרי מספר חודשים בלבד והשאירו אותה עם לב מרוסק. כלבה סופר מתוקה, שזקוקה ליותר מרגע אחד כדי להכיר- אבל כשזה קורה, השובבות, המתיקות והאהבה היא גדולה.",פולה,3 שנים,08-12-2020,נקבה,בינוני,חום לבן,חינוך בסיסי,מעורב,"אנשים שכבר גדלו כלב בעבר, ילדים, ספורטאים",https://www.letlive.org.il/wp-content/uploads/2021/10/jes90-330x330.jpg,https://www.letlive.org.il/?pet=%d7%a4%d7%95%d7%9c%d7%94
16,"בים המקסים, נמצא במהלך הלחימה בדרום, עם צלקות שסיפרו שעבר מסע עצוב מאוד. כלבלב חמוד ומקסים, חברותי ומתוק שמחכה להתפנק בבית שיאהב בלי סוף..",בים,שנתיים,16-03-2022,זכר,בינוני,חום לבן,חינוך בסיסי,מעורב,"ילדים, ספורטאים",https://www.letlive.org.il/wp-content/uploads/2024/03/bim-12-330x330.jpg,https://www.letlive.org.il/?pet=%d7%91%d7%99%d7%9d
17,"לאסי הבובה נמצאה משותקת! עם שבר מורכב בגב, היא גררה את עצמה בניסיון לשרוד. . לשמחתנו, למרות השיתוק, גילינו שהיא מרגישה את הרגליים, פשוט לא מסוגלת להזיז אותן. בעזרת ד""ר קוליק המדהימה, היא התחזקה פלאים והיום בעזרת כיסא גלגלים, היא מתגלגלת מאושרת, מחוייכת ומפיצה אהבה וקסם לכל הכיוונים.",לאסי,שנה,26-01-2023,נקבה,בינוני,חום לבן,חינוך בסיסי,מעורב,"אנשים שכבר גדלו כלב בעבר, בית עם חתולים, ילדים",https://www.letlive.org.il/wp-content/uploads/2023/08/lasi4-330x330.jpg,https://www.letlive.org.il/?pet=%d7%9c%d7%90%d7%a1%d7%99-3
18,"פצצת אנרגיה מתוקה, אלונה המדהימה! היתה בבית וחזרה כשהמאמצת התאשפזה. ביישנית לשתי שניות אבל אם תציעו לה לשחק היא מיד תתמסר בכיף. כלבה מקסימה שתגרום לכם בלי סוף לחייך.",אלונה,שנתיים,12-01-2022,נקבה,בינוני,חום,חינוך בסיסי,מלינוואה,"ילדים, ספורטאים",https://www.letlive.org.il/wp-content/uploads/2023/04/alona-4-330x330.jpg,https://www.letlive.org.il/?pet=%d7%90%d7%9c%d7%95%d7%a0%d7%94-5
19,"הכלבלב שלחופש נולד. גורל המתוק, כלב סופר חברותי שאוהב לטייל, לחקור, לשחק ולהשתובב וכמה שיותר להתפנק. גורל רוצה לצאת אתכם לחופש הגדול. גורל ננטש מבית וחזר אלינו גמור! מאז הוא מתקשה לסמוך על אנשים חדשים ואפשר אותו לגמרי להבין. אל תתנו לעוול שמישהו אחר עשה לו, להשאיר אותו בכלוב..",גורל,3 שנים,09-07-2020,זכר,בינוני,מנומר,חינוך בסיסי,מעורב,"ספורטאים, אנשים שכבר גדלו כלב בעבר",https://www.letlive.org.il/wp-content/uploads/2023/04/goral2-330x330.jpg,https://www.letlive.org.il/?pet=%d7%92%d7%95%d7%a8%d7%9c
20,"מתוקה בצורה בלתי רגילה, עדינה, הכי מתפנקת שיש ולמרות כל זאת, ג'סי ננטשה מבית עם לב כואב. כלבה של אהבה, כל כך טובה ומתמסרת, ננטשה כי מפחדת להשאר בבית לבדה ולכן ג'סי מחכה עכשיו למאמצים שעובדים מהבית או שיקחו אותם איתה לעבודה ואנחנו מבטיחים לכם, שאהבה כזאת, לא חוויתם מעולם..",ג'סי,6 שנים,01-03-2018,נקבה,בינוני,חום לבן,חינוך בסיסי,מעורב,"ילדים, ספורטאים, בית עם חתולים",https://www.letlive.org.il/wp-content/uploads/2024/03/gesi-5-1-330x330.jpg,https://www.letlive.org.il/?pet=%d7%92%d7%a1%d7%99-12
21,"הממרח הרשמי של הכלבייה! בתוך תוכו עוזי הוא בלונדינית שרוצה להנות מהחיים בלי הפסקה. בפועל, הוא מחכה כל כך הרבה שנים לבית, שהבלונדינית נכבית, כשהוא מאחורי הסורגים מחכה..הוא ממרח אמיתי של אהבה שמאוד סובל בלעדיה בכלבייה. הוא מתפנק בלי סוף, מאולף ומעלף, הוא לחוץ ממפגש עם אנשים חדשים אבל אין לתארר את האהבה שהוא מעניק כשהוא מכיר. עוזי לוקח חלק בפרויקט #אומנהלחיים אימוץ ללא עלות עבור הכלבים המבוגרם שלנו כשהטיפול הרפואי בבעיות הקשורות לגילו עלינו,  ו-2 שקי מזון מתנת ביופט.",עוזי,10 שנים,10-06-2013,זכר,בינוני,מנומר,חינוך בסיסי,מעורב,"ספורטאים, אנשים שכבר גדלו כלב בעבר",https://www.letlive.org.il/wp-content/uploads/2023/10/uzi-4-330x330.jpg,https://www.letlive.org.il/?pet=%d7%a2%d7%95%d7%96%d7%99
22,את סאם היפהפיה נטשו מבית אחרי שנתיים כי רכושנית למזון. יפהפיה שריסקו לה את הלב וכעת מחכה למאמצים עם ניסיון כאלה שיבטיחו לה בית לא חשוב מה-בטוב וגם ברע!.,סאם,6 שנים,11-10-2017,נקבה,בינוני,לבן,מאולף,"מעורב, גולדן רטריבר","אנשים שכבר גדלו כלב בעבר, ספורטאים",https://www.letlive.org.il/wp-content/uploads/2023/05/sam-4-330x330.jpg,https://www.letlive.org.il/?pet=%d7%a1%d7%90%d7%9d-2
23,"לונה הגיעה אלינו בגיל שנה, אומצה וחזרה כשנולד תינוק, שוב אומצה וחזרה כשלא הסתדרה עם החתולים ואחרי 8 שנים בכלוב, הגיע הזמן שתזכה לצאת מכאן לתמיד!! כלבה עדינה וכל כך טובה שהולכת לאיבוד בין מאות כלבים. לונה שלנו קצת חששנית ומתביישת במפגש ראשון ולכן כמעט ולא תראו אותה כשתעברו ליד הכלוב שלה. תעשו #מקוםבלב תגיעו אלינו ותבקשו להוציא אותה ולהכיר אותה, להעניק לה הזדמנות לחיים. לונה לוקחת חלק בפרוייקט #אומנהלחיים אימוץ ללא עלות עבור הכלבים המבוגרים שלנו, כשהטיפול הרפואי בבעיות הקשורות לגילה, עלינו, ושני שקי מזון גדולים מתנת ביופט.",לונה,11 שנים,01-02-2013,נקבה,בינוני,חום לבן,חינוך בסיסי,מעורב,"ספורטאים, אנשים שכבר גדלו כלב בעבר",https://www.letlive.org.il/wp-content/uploads/2023/10/luna-1-330x330.jpg,https://www.letlive.org.il/?pet=%d7%9c%d7%95%d7%a0%d7%94-2
24,"נור נמצאה עם רגל מרוסקת, עם שברים פתוחים במצב גופני קשה ובעינייה הטובות, ממש התחננה מאנשים טובים, שיעזרו לה לשרוד. את הרגל של נור היה מאוחר מדי להציל. אבל אחרי אישפוז ארוך בו הגוף התחזק, היא עכשיו, על 3 רגליים, מחלק אהבה לכל מי שרק מבקש. אחרי המסע שעברה, מגיע לה להגיע לבית מפנק..",נור,שנה,07-03-2023,נקבה,בינוני,חום שחור,חינוך בסיסי,מלינוואה,"ילדים, ספורטאים",https://www.letlive.org.il/wp-content/uploads/2024/03/nur08-330x330.jpg,https://www.letlive.org.il/?pet=%d7%a0%d7%95%d7%a8
25,"הכלבלב שיראה לכם את הקשת בענן! קשת המתוק, כלבלב אנרגטי ומקסים, שובב מלא שמחת חיים, שמחכה להרפתקאות ופינוקים בבית עם מאמצים לחיים שלמים.",קשת,4 שנים,10-10-2019,זכר,בינוני,חום לבן,חינוך בסיסי,מעורב,"ילדים, ספורטאים",https://www.letlive.org.il/wp-content/uploads/2023/06/keshet-1-330x330.jpg,https://www.letlive.org.il/?pet=%d7%a7%d7%a9%d7%aa-3
26,"ריי הוא אחד הממרחים הכי מתוקים שיש. בתחילה הוא ננטש מבית בגלל אלרגיה..אחר כך ננטש כי היה טריטוריאלי בבית ועכשיו ריי רוצה להגיע לבית עם מאמצים מנוסים, שלא יחזירו אותו שוב לכלוב בחיים.",ריי,6 שנים,11-10-2017,זכר,בינוני,חום לבן,חינוך בסיסי,מעורב,"ספורטאים, אנשים שכבר גדלו כלב בעבר",https://www.letlive.org.il/wp-content/uploads/2023/07/rei-5-330x330.jpg,https://www.letlive.org.il/?pet=%d7%a8%d7%99%d7%99-2
27,"חביתוש עבר התעללות נוראית, הוא נמצא עם צוואר קרוע לגמרי, עור ועצמות, כלב שקיבל בחייו הרבה מכות ומה שבאמת עצוב, זה שעל כך הוא משלם בהמתנה ארוכה בכלוב..כי כשעוברים ליד הכלוב שלו הוא עושה את הפרצופים הכי מפחידים בעולם. נגלה לכם בסוד, שבתוך הכלב הגדול הזה מסתתר לב רגיש ומדמם שמחכה להזדמנות להירפא. הוא מאושר כשהוא יוצא לטיולים. נפתח כולו ומחלק כל כך הרבה חיוכים. חביתוש לוקח חלק בפרויקט #אומנהלחיים אימוץ ללא עלות עבור הכלבים המבוגרים שלנו, טיפולים רפואיים עלינו ושני שקי אוכל גדולים מתנת ביופט.",חביתוש,8 שנים,28-08-2015,זכר,גדול,חום,חינוך בסיסי,"מעורב, רועה קווקזי","אנשים שכבר גדלו כלב בעבר, ספורטאים",https://www.letlive.org.il/wp-content/uploads/2022/05/havitush-1-330x330.jpg,https://www.letlive.org.il/?pet=%d7%97%d7%91%d7%99%d7%aa%d7%95%d7%a9
28,"את ציזיקי הבובה אמצו ואז לכלוב נטשו כשעברו דירה. כלבלבונת מתוקה עם לב שבור, מחכה עכשיו להגיע לבית שיהפוך אותה לתמיד, לחלק מהמשפחה.",ציזיקי,שנה,02-08-2022,נקבה,בינוני,חום לבן,חינוך בסיסי,מעורב,"ילדים, ספורטאים",https://www.letlive.org.il/wp-content/uploads/2023/03/chiziki1-330x330.jpg,https://www.letlive.org.il/?pet=%d7%a6%d7%99%d7%96%d7%99%d7%a7%d7%99
29,"פצועה בפצעי ירי, מהטבח הנורא שהתרחש בדרום. לונה הצליחה לברוח ולהציל את עצמה. היא נמצאה בכרם שלום ועברה אלינו מיד לטיפול רפואי. פיטבולית מהממת שעברה גיהנום ולצערנו, מי שהיו לה למשפחה, פונו מביתם והודיעו שהם לא מעוניינים לדאוג לה. היא עברה את תקופת האישפוז עם לב שבור, אבל עטפנו אותה באהבה והיא העניקה כמויות מכופלות של חיבוקים ואהבה בלי הפסקה. היו לה פצעים עמוקים בראש וברגלייה גם עדשת העין נפצעה וטופלה. עכשיו, כמו חדשה, לונה מחכה לבית שיבטיח להיות שלה, בטוב וגם ברע..",לונה,שנתיים,18-11-2021,נקבה,בינוני,אפור,חינוך בסיסי,פיטבול,"ילדים, ספורטאים",https://www.letlive.org.il/wp-content/uploads/2024/03/luna-11-330x330.jpg,https://www.letlive.org.il/?pet=%d7%9c%d7%95%d7%a0%d7%94-12
30,"את דליק הממתק נטשו מבית כי פחד להשאר לבד. כלב עדין ומתוק, מלא בשמחת חיים שרוצה עכשיו להגיע למאמצים שרוצים להפוך אותו לחלק מהמשפחה לתמיד.",דליק,3 שנים,23-10-2020,זכר,קטן,חום לבן,חינוך בסיסי,מעורב,"אנשים שכבר גדלו כלב בעבר, ילדים, ספורטאים",https://www.letlive.org.il/wp-content/uploads/2022/10/dalik-7-330x330.jpg,https://www.letlive.org.il/?pet=%d7%93%d7%9c%d7%99%d7%a7-4
31,"את נוגה האומללה אימצו בתור גורה ואחרי שבע שנים נטשו אותה כי נזכרו ""שלא מסתדרים איתה"". כדי לנסות להסתדר איתה, הסתובבו איתה עם קולר חשמלי. כלבה עדינה שלא נחשפה מספיק ולכן כשנלחצת עלולה להגיב לא טוב ולכן מחכה עכשיו למאמצים עם נסיון שבליווי המאלפים שלנו יעבדו איתה נכון ולא יחשמלו אותה ויגרמו לה לנזק כל כך גדול. נוגה לוקחת חלק בפרויקט #אומנהלחיים אימוץ ללא עלות, כולל טיפולים רפואיים בהתאם לגילה-עלינו ו-2 שקי מזון מתנת אורבן צ'ויס.",נוגה,7 שנים,02-03-2017,נקבה,בינוני,חום לבן,חינוך בסיסי,מעורב,"ספורטאים, אנשים שכבר גדלו כלב בעבר",https://www.letlive.org.il/wp-content/uploads/2024/03/noga-1-330x330.jpg,https://www.letlive.org.il/?pet=%d7%a0%d7%95%d7%92%d7%94-3
32,"חתיך על, אנרגטי ומדהים, מוסקונה המהמם שלנו מחכה לרוץ למרחקים עם מישהו שיאהב לחיים שלמים. כלב חזק ומדהים, עמוס באהבה, חמוד אמיתי שימלא כל לב במלא אהבה.",מוסקונה,4 שנים,10-06-2019,זכר,גדול,שחור לבן,חינוך בסיסי,מעורב,"אנשים שכבר גדלו כלב בעבר, ילדים, ספורטאים",https://www.letlive.org.il/wp-content/uploads/2021/01/mus9000-330x330.jpg,https://www.letlive.org.il/?pet=%d7%9e%d7%95%d7%a1%d7%a7%d7%95%d7%a0%d7%94
33,"כלבלבון מתוקון, תומר המצחיקון, הכלבלב שתמיד שומר על מורל גבוה! כלבלב סופר חברותי ומקסים, עם לשון מצחיקה ואוזניים שמשדרות אנרגיה חיובית בלי הפסקה. תומר הגיע אלינו עם רגל כואבת, הוא טופל והחלים ורק מחכה למלא לכם את הלב והבית בחיוכים.",תומר,שנה,12-10-2022,נקבה,בינוני,חום,חינוך בסיסי,מעורב,"ילדים, ספורטאים",https://www.letlive.org.il/wp-content/uploads/2024/03/tomer-8-330x330.jpg,https://www.letlive.org.il/?pet=%d7%aa%d7%95%d7%9e%d7%a8-2
34,"כמה שהוא מחכה לאהבה! פופאי המהמם שלנו, כמעט ואי אפשר להאמין שעברו שנים מהיום שהגיע אלינו עור ועצמות, הוא היה אז בן פחות משנה והורעב למוות בצורה אכזרית נורא. שנים שהוא ממכה להתחלה חדשה. כלב מלא שמחת חיים, שכל כך אוהב לשחק ולהתפנק ובכלוב פשוט מתבזבז..פופאי לוקח חלק בפרויקט #אומנהלחיים אימוץ ללא עלות, כולל טיפולים רפואיים בהתאם לגילו-עלינו ו-2 שקי מזון גדולים מתנת אורבן צ'ויס.",פופאי,7 שנים,08-02-2017,זכר,בינוני,חום,חינוך בסיסי,"מעורב, מלינוואה","ספורטאים, אנשים שכבר גדלו כלב בעבר",https://www.letlive.org.il/wp-content/uploads/2020/10/popai92-330x330.jpg,https://www.letlive.org.il/?pet=%d7%a4%d7%95%d7%a4%d7%90%d7%99
35,"ג'וזפין המקסימה, נמצאה אחרי שעברה ניתוח כושל להסרת הרגל. לא רק שהניתוח כשל..הוא אפילו סיכן את חייה! במקום נוצר זיהום חמור, שהשתלט על כל הגוף והיא הגיע אלינו בסכנת חיים. היא אושפזה, התחזקה ועברה ניתוח נוסף. לראות אותה היום מתרוצצת והכי מחייכת, על 3 רגליים, זה פשוט אושר גדול! כלב עמוסה באנרגיה ואהבה, מחכה לבית המושלם.",ג'וזפין,4 שנים,13-08-2019,נקבה,בינוני,חום שחור,חינוך בסיסי,מלינוואה,"ילדים, ספורטאים",https://www.letlive.org.il/wp-content/uploads/2023/08/jozafin4-2-330x330.jpg,https://www.letlive.org.il/?pet=%d7%92%d7%95%d7%96%d7%a4%d7%99%d7%9f-2
36,"יואל המהמם שלנו כלב שהחרמנו מבית בו החוזק בחצר הבית, קשור ומורעב, נמצא בתת תנאים. יואל אושפז ועבר שיקום וכעת הוא מחכה לבית מושלם שיודע שכלב הוא תמיד חלק בלתי נפרד מהמשפחה. יואל לוקח חלק בפרויקט #אומנהלחיים אימוץ ללא עלות, כולל טיפולים רפואיים, בהתאם לגילו, עלינו ו-2 שקי מזון מתנת אורבן צ'ויס.",יואל,7 שנים,24-08-2016,זכר,גדול,חום,חינוך בסיסי,מלינוואה,"ילדים, ספורטאים, אנשים שכבר גדלו כלב בעבר",https://www.letlive.org.il/wp-content/uploads/2024/02/yoel-6-330x330.jpg,https://www.letlive.org.il/?pet=%d7%99%d7%95%d7%90%d7%9c
37,"את קלואי הבובה אימצו והפכו אותה לכלבת שמירה! הבובה הזאת כל כך עדינה וחששנית שלא ברור על מי היתה אמור לשמור…לוקח לה יותר מרגע אחד להפתח אבל כשזה קורה, היא משתובבת ומפזרת חיוכים בלי סוף.",קלואי,3 שנים,06-08-2020,נקבה,בינוני,חום שחור לבן,חינוך בסיסי,מעורב,"אנשים שכבר גדלו כלב בעבר, בית עם חתולים, ילדים, ספורטאים",https://www.letlive.org.il/wp-content/uploads/2022/07/klo2-330x330.jpg,https://www.letlive.org.il/?pet=%d7%a7%d7%9c%d7%95%d7%90%d7%99-3
38,"נסיכה עדינה וחששנית, יפהפיה בלבן, הוצאנו אותה מהסגר בדרום כדי להעניק לה סיכוי למצוא מאמצים סבלניים שיעניקו לנסיכה הזאת בית אוהב, מגן וסבלני. מיכאלה לוקחת חלק בפרויקט #אומנהלחיים אימוץ ללא עלות, כולל טיפולים רפואיים, בהתאם לגילה, עלינו ו-2 שקי מזון מתנת אורבן צ'ויס.",מיכאלה,7 שנים,23-06-2016,נקבה,בינוני,לבן,חינוך בסיסי,מעורב,"ילדים, ספורטאים, אנשים שכבר גדלו כלב בעבר, בית עם חתולים",https://www.letlive.org.il/wp-content/uploads/2023/04/michael-3-330x330.jpg,https://www.letlive.org.il/?pet=%d7%9e%d7%99%d7%9b%d7%90%d7%9c%d7%94
39,"חץ המהמם נמצא משוטט לבדו. לא ברור איך ויתרו על כזה כלבלב מהמם ומושלם ועוד יותר לא ברור, מה ממרח כזה עדיין עושה בכלבייה??? כלב שכל כולו אהבה, פינוקים וכמה שהוא מתרגש כשהוא זוכה במגע, כמה שהוא מתחנן לעוד ועוד אהבה. מאולף ומעלף מחכה לאהבה הכי גדולה שיש. חץ לוקח חלק בפרויקט #אומנהלחיים אימוץ ללא עלות עבור הכלבים המבוגרים שלנו,כשהטיפול הרפואי בבעיות הקשורות לגילו עלינו ו-2 שקי מזון גדולים מתנת ביופט.",חץ,10 שנים,04-07-2013,זכר,בינוני,חום,מאולף,מעורב,"ספורטאים, אנשים שכבר גדלו כלב בעבר, בית עם חתולים, ילדים",https://www.letlive.org.il/wp-content/uploads/2020/04/hez-2-330x330.jpg,https://www.letlive.org.il/?pet=%d7%97%d7%a5
40,"רוזה היפהפייה הגיעה אלינו במצב קשה, אחרי שהסתובבה ברחובות באר שבע, לא מעוקרת. מכיוון ולא עוקרה, היא סבלה מגידול באיבר מינה ומגידול עטין. הגידול מאוד הצטמצם אבל היא עדיין מקבלת טיפולים והיא כבר המווןןןן זמן במרפאה. אנחנו נדאג לכל הטיפולים הרפואיים שלה, אתם רק תעשו לה מקום בלב ותגיעו להוציא אותה מהמרפאה לבית חם ואוהב. רוזה תשמח לצאת לאומנה/בית מאמץ, טיפולים רפואיים- עלינו. רוזה לוקחת חלק בפרויקט #אומנהלחיים אימוץ ללא עלות, כולל טיפולים רפואים בהתאם למצבה עלינו..",רוזה,5 שנים,10-07-2018,נקבה,בינוני,שחור,חינוך בסיסי,מעורב,"אנשים שכבר גדלו כלב בעבר, ילדים, ספורטאים",https://www.letlive.org.il/wp-content/uploads/2024/02/rooza-3-330x330.jpg,https://www.letlive.org.il/?pet=%d7%a8%d7%95%d7%96%d7%94-5
41,"את נארו הנסיך נטשו מבית אחרי 4 שנים עם לב מרוסק לרסיסים. כלב כל כך עדין וטוב, ננטש כי נלחץ לפעמים מרעשים, תנועות חדות ולפעמים גם מכלבים. אז 4 שנים הוא היה חלק מהמשפחה ועכשיו חזר לכלוב גמור ומקווה להגיע הפעם לבית שיידע להתנהל איתו, בית שקט שיוכל להנות מכלב שבאמת יש לו לב כל כך טוב.",נארו,6 שנים,06-06-2017,זכר,גדול,שחור לבן,חינוך בסיסי,מעורב,"ספורטאים, אנשים שכבר גדלו כלב בעבר, בית עם חתולים",https://www.letlive.org.il/wp-content/uploads/2023/11/naro3-2-330x330.jpg,https://www.letlive.org.il/?pet=%d7%a0%d7%90%d7%a8%d7%95
42,"וגאס ננטש כמו חפץ משומש אחרי שחי כל חייו בבית. יפיוף שריסקו את הלב שלו לאלף ואחת חתיכות. וגאס לוקח חלק בפרוייקט #אומנהלחיים אימוץ ללא עלות עבור הכלבים המבוגרים שלנו, כולל טיפולים מותאמים לגילו ושני שקי מזון מתנת ביופט – אוהבים כלבים.וגאס לחוץ מאוד במפגש ראשון ולכן גם ינבח מלא כשתעברו ליד הכלוב שלו. תוציאו אותו לסיבוב של הכרות, הוא יפתח לאהבה, תעשו #מקוםבלב ובואו נוציא אותו הביתה לתמיד..",וגאס,9,11-07-2014,זכר,בינוני,לבן,חינוך בסיסי,מעורב,"ספורטאים, אנשים שכבר גדלו כלב בעבר",https://www.letlive.org.il/wp-content/uploads/2021/07/vegas-1-330x330.jpg,https://www.letlive.org.il/?pet=%d7%95%d7%92%d7%90%d7%a1-3
43,"היא אחת המדהימות שיש, אוהבת לשחק ובלי סוף להתפנק אבל לילה ננטשה כבר משלושה בתים (!!) כי היתה טריטוריאלית בבית לאורחים. לילה עכשיו מחכה למאמצים עם ניסיון, אנחנו מבטיחים שהיא תעניק אהבה- והמון!.",לילה,4 שנים,20-02-2020,נקבה,בינוני,שחור,חינוך בסיסי,מעורב,"ספורטאים, אנשים שכבר גדלו כלב בעבר",https://www.letlive.org.il/wp-content/uploads/2021/10/laila-330x330.jpg,https://www.letlive.org.il/?pet=%d7%9c%d7%99%d7%9c%d7%94-8
44,"הכי מיוחד ומדהים שיש, כמה עדינות ומתיקות, ועיניים שמדברות ורוצות כבר להגיע לבית מפנק. מארלי המתוק, כלבלב שמסתובב על 3 רגליים וכבר יותר מדי זמן, לא מוצא לעצמו בית. הוא מאוד אוהב לשחק עם חבריו הכלבים, הוא נפתח בעדינות והופך לממרח, עם קצת סבלנות..",מארלי,שנתיים,22-03-2022,זכר,בינוני,שחור,חינוך בסיסי,מעורב,"ילדים, ספורטאים, אנשים שכבר גדלו כלב בעבר",https://www.letlive.org.il/wp-content/uploads/2023/07/marli09-330x330.jpg,https://www.letlive.org.il/?pet=%d7%9e%d7%90%d7%a8%d7%9c%d7%99-2
45,"כלבלבונת עם עיינים עצובות, קרינה נמצאה עם הגורים שלה והניקה אותם וטיפלה בהם במסירות ואהבה. מבני אדם היא חוששת. נראה שחוותה הרבה והיתה צריכה לשמור על עצמה. היא זקוקה למאמצים עם ניסיון וסבלנות, שיתנו לה, בזמן שלה, ללמוד לבטוח ולהפתח לאהבה שכל כך מגיעה לה..",קרינה,שנתיים,10-02-2022,נקבה,בינוני,חום,חינוך בסיסי,מעורב,"ילדים, ספורטאים, אנשים שכבר גדלו כלב בעבר, בית עם חתולים",https://www.letlive.org.il/wp-content/uploads/2024/02/karina2-330x330.jpg,https://www.letlive.org.il/?pet=%d7%a7%d7%a8%d7%99%d7%a0%d7%94
46,"כשתעברו ליד הכלוב של קוקי, רב הסיכויים הם שלא תראו אותה. וחבל. כי מדובר בבובה אמיתית, פשוט סופר ביישנית. אז כשעוברים אנשים היא נובחת ובורחת אחורה והמתיקות הבלתי נגמר בכלוב לבדה נשארת…תגיעו אלינו ותבקשו להכיר את קוקי! ילדונת חמודה, עדינה ומקסימה.",קוקי,3 שנים,07-03-2021,נקבה,בינוני,שחור לבן,חינוך בסיסי,מעורב,"ספורטאים, אנשים שכבר גדלו כלב בעבר, בית עם חתולים, ילדים",https://www.letlive.org.il/wp-content/uploads/2022/03/kuki4-330x330.jpg,https://www.letlive.org.il/?pet=%d7%a7%d7%95%d7%a7%d7%99-5
47,"במשך יותר מדי זמן, ציון הסתובב עם רגליים שבורות וכואבות. אנחנו יודעים שזה המון זמן, כי כבר נוצר בגופו זיהום מסוכן. שבועות ארוכים הוא היה מאושפז, טופל והחלים לגמרי ואי אפשר לתאר במילים את האושר, כשרואים אותו הולך ומחייך..כשאתה לבד ואף אחד לא עוזר לך, אתה מסתדר וכבר חושד בכולם. וציון שלנו, בעקבות הנסיון לשרוד, ללא הצלחה, לבדו, מתקשה כעת גם לסמוך על בני אדם. אז הוא צריך להכיר לאט, להסיר חומות לאט, ואז נחשף הלב הרגיש שזקוק לאהבה, כמו כל אחד..",ציון,4 שנים,01-02-2020,זכר,בינוני,חום לבן,חינוך בסיסי,מעורב,"ספורטאים, אנשים שכבר גדלו כלב בעבר",https://www.letlive.org.il/wp-content/uploads/2024/02/zion-5-1-330x330.jpg,https://www.letlive.org.il/?pet=%d7%a6%d7%99%d7%95%d7%9f-3
48,"ליזה המתוקה הגיעה אלינו מהדרום הרחוק, כמעט ללא פרווה, היתה כל כך חלשה ואומללה. היא סבלה ממחלת עור, טופלה, החלימה והצמיחה פרווה חדשה, אבל הלב נותר חושש נורא. כלבה עדינה שזקוקה לכמה מפגשים כדי להפתח והכי שווה את ההשקעה..",ליזה,שנתיים,16-11-2021,נקבה,בינוני,חום לבן,חינוך בסיסי,מעורב,"ילדים, ספורטאים, אנשים שכבר גדלו כלב בעבר",https://www.letlive.org.il/wp-content/uploads/2023/04/liz-330x330.jpg,https://www.letlive.org.il/?pet=%d7%9c%d7%99%d7%96%d7%94-4
49,"הממתק העדין הזה הגיע אלינו אחרי שחתכו לו את האוזניים והזנב באכזריות בלתי נתפסת! מאוריצ'יו המתוק, מאז, בצדק, חושש מבני אדם. אבל הוא עבר תהליך מדהים, הוא לומד לתת אמון ונתפח למגע ואהבה, שזה מרגש כל כך..הוא מחונך, מאולף, ורק זקוק לקצת סבלנות כדי שיפרח.",מאוריציו,שנה,01-06-2022,זכר,בינוני,שחור לבן,חינוך בסיסי,מעורב,"אנשים שכבר גדלו כלב בעבר, בית עם חתולים, ילדים, ספורטאים",https://www.letlive.org.il/wp-content/uploads/2023/06/muricio1-330x330.jpg,https://www.letlive.org.il/?pet=%d7%9e%d7%90%d7%95%d7%a8%d7%99%d7%a6%d7%99%d7%95
50,"את אינדירה המקסימה הוצאנו מכלביית המוות בצור משה, אחרי שסגרו את הכלבייה כי התנאים היו מזעזעים והתעללו שם בכלבים. המקסימה הזאת, אין לדעת מה חוותה בידי המפלצות, אבל ברור שמגיע לה עכשיו לזכות בכי טוב שיש! היא זקוקה למאמצים עם סבלנות ונסיון לתקן לב מדמם שמגיע לו להחלים ולהתאהב..",אינדירה,5 שנים,06-02-2019,נקבה,בינוני,חום לבן,חינוך בסיסי,מעורב,"ילדים, ספורטאים, אנשים שכבר גדלו כלב בעבר",https://www.letlive.org.il/wp-content/uploads/2024/02/indira-330x330.jpg,https://www.letlive.org.il/?pet=%d7%90%d7%99%d7%a0%d7%93%d7%99%d7%a8%d7%94
51,"כשמשחררים אותך אחרי שהיית קשור במשך כל כך הרבה זמן- איך לא תהיה כזה מאושר?.בון המהמם שלנו, נמצא בתור גור קטן בתוך פח זבל. אחר כך אומץ והיה קשור כל חייו בחצר הבית ואז ננטש. כמה סבל אפשר להעביר נפש טהורה כל כך..אהוב מקסים, שכל חייו סבל וכל כך מגיע לו להיות מאושר. הוא אוהב לטייל וכל כך מתוסכל כשהטיול נגמר והוא צריך לחזור לכלוב. הוא ינבח מלא כשתעברו ליד הכלוב שלו, אבל אם תתנו לו הזדמנות, תצאו איתו לטיול ותכירו אותו באמת, תגלו שם את אותו גור קטן שבסך הכל רוצה שיאהבו אותו ויתנו לו בית מחבק ואוהב באמת..בון לוקח חלק בפרויקט #אומנהלחיים אימוץ ללא עלות, כולל טיפולים רפואיים, בהתאם לגילו, עלינו ו-2 שקי מזון.",בון,8 שנים,23-06-2015,זכר,בינוני,חום לבן,חינוך בסיסי,"מעורב, כנעני","ספורטאים, אנשים שכבר גדלו כלב בעבר",https://www.letlive.org.il/wp-content/uploads/2023/12/bon8-330x330.jpg,https://www.letlive.org.il/?pet=%d7%91%d7%95%d7%9f
52,"כלבלבונת עדינה וחששנית ששוברת את הלב. איתמר הגיעה אלינו אחרי שנדרסה והיתה במצב קשה. הבובה הזאת עברה ניתוחים אורטפדיים ואישפוז ארוך, הלב, עוד זקוק לתיקון ולכך דרושים מאמצים עם סבלנות ואהבה, כדי שאיתמר תוכל למלא את הבית בעדינות ובקסם שלה..",איתמר,5 שנים,07-11-2018,נקבה,בינוני,חום שחור,חינוך בסיסי,מעורב,"ילדים, אנשים שכבר גדלו כלב בעבר, בית עם חתולים",https://www.letlive.org.il/wp-content/uploads/2024/02/itamar-3-330x330.jpg,https://www.letlive.org.il/?pet=%d7%90%d7%99%d7%aa%d7%9e%d7%a8-3
53,"דועך בכלוב, צ'ייס שלנו העצוב, כלב בן 10, אחד הכלבים האומללים בכלבייה. צ'ייס הגיע אילנו לפני שש שנים, אחרי שנמצא במצב הזנחה נוראי. השבב הוביל לבעלים שאמרו שמסרו אותו מיד ליד..כלב שחווה חיים מזעזעים ולא סומך על אף אחד..הוא חירש, יש לו בעיות בעור מתת פעילות של בלוטת התריס, האגן שלו, כמו כל רועה גרמני, הולך ונחלש. ומכיוון וחירש ומכיוון ועבר חיים כל כך קשים, הוא לפעמים גם לא צפוי בכל מה שקשור למגע..קשה למצוא מישהו שיקבל אותו במצבו הפיזי והנפשי והעיניים שלו מספרות כמה הוא יודע את זה..אנחנו חייבים לנסות בשבילו כי אולי, איפשהו יש מישהו שרוצה להציל חיים שלמים שהתבזבזו..צ'ייס לוקח חלק בפרויקט #אומנהלחיים אימוץ ללא עלות עבור הכלבים המבוגרים שלנו, כולל טיפולים רפואיים במידת הצורך, ושני שקי מזון גדולים.",צ'ייס,11 שנים,06-09-2012,זכר,גדול,חום שחור,חינוך בסיסי,רועה גרמני,"ספורטאים, אנשים שכבר גדלו כלב בעבר",https://www.letlive.org.il/wp-content/uploads/2023/05/chase-330x330.jpg,https://www.letlive.org.il/?pet=%d7%a6%d7%99%d7%99%d7%a1
54,"הכלבלב עם האוזניים הכי ארוכות בעולם, מחכה לשמוע מילים חמות ואוהבות ולזכות בבית מפנק מאוד! דונאלד המהמם! חמידות שיא של כלבלב עדין ומקסים ימלא את הבית במלא כישכושים..",דונאלד,שנה,22-06-2022,זכר,בינוני,חום לבן,חינוך בסיסי,מעורב,"ילדים, ספורטאים, בית עם חתולים",https://www.letlive.org.il/wp-content/uploads/2023/05/donald653-330x330.jpg,https://www.letlive.org.il/?pet=%d7%93%d7%95%d7%a0%d7%90%d7%9c%d7%93-2
55,"פישר היפיופון, פצצת אנרגיה מלא בשמחת חיים, מחכה למאמצים נמצא משוטט לבדו והגיע אלינו כדי לזכות בבית שיבטיח להיות שלו- לתמיד..",פישר,שנתיים,06-02-2022,זכר,בינוני,חום לבן,חינוך בסיסי,מעורב,"ילדים, ספורטאים",https://www.letlive.org.il/wp-content/uploads/2024/02/fisher-3-330x330.jpg,https://www.letlive.org.il/?pet=59676
56,"זה יהודה המתוק שנמצא, כשהיה עוד גור קטנטן,  נטוש עם רגל שבורה וכואבת. הרגל טופלה מזמן והממתק המשגע הזה לא מפסיק לחלק אהבה כל הזמן!.",יהודה,6 שנים,23-11-2017,זכר,בינוני,בז',חינוך בסיסי,מעורב,"ילדים, ספורטאים, אנשים שכבר גדלו כלב בעבר, בית עם חתולים",https://www.letlive.org.il/wp-content/uploads/2024/02/yehuda-10-330x330.jpg,https://www.letlive.org.il/?pet=20807
57,"כלב מקסים אבל לחוץ, אומץ בתור גור קטן ואז הוחזק בחצר קשור! פאבלו המתוק מחכה עכשיו למאמצים עם ניסיון וסבלנות, כדי שיוכל להפתח ולהיות כלב מאושר ולהשאיר את העבר הנוראי מאחור.",פבלו,3 שנים,11-06-2020,זכר,גדול,חום,חינוך בסיסי,מעורב,"אנשים שכבר גדלו כלב בעבר, ספורטאים",https://www.letlive.org.il/wp-content/uploads/2023/08/pablo-2-330x330.jpg,https://www.letlive.org.il/?pet=%d7%a4%d7%91%d7%9c%d7%95-2
58,"במהלך המלחמה, טוי ננטשה כי הבעלים אמר שהיא מפוחדת שם מכל הפיצוצים…וכך, מצאה עצמה טוי, שכל חייה חשבה שהיא מוגנת-בין סורגים. כלבה שעברה שיברון לב קשה ועכשיו, איך לא, קצת חשדנית. בסבלנות ובבית שקט היא תפרח ותעניק אהבה מכל הלב..",טוי,5 שנים,23-01-2019,נקבה,בינוני,אפור,חינוך בסיסי,מעורב,"ספורטאים, אנשים שכבר גדלו כלב בעבר",https://www.letlive.org.il/wp-content/uploads/2024/01/toy-15-330x330.jpg,https://www.letlive.org.il/?pet=%d7%98%d7%95%d7%99-4
59,"הוא כזה ילד טוב והמבט הזה, כל כך מבקש אהבה. רוקי האהוב שלנו, כבר שנים מחכה לזכות לנח ולהתעצל, כמו שהוא כל כך אוהב, במיטה נוחה, בבית חם, בשקט, בלי נביחות כלבים ומאות אנשים, שחולפים ליד הכלוב שלו- ואף פעם לא בוחרים בו..הוצאנו אותו מהסגר, לפני 3 שנים ולאט ובעדינות, גילינו כלבלב מתוק, עדין ומקסים שממש מחכה שמישהו כבר יאהב אותו. רוקי בן 8, הוא לוקח חלק בפרויקט #אומנהלחיים אימוץ ללא עלות עבור הכלבים המבוגרים שלנו, כולל טיפולים רפואים בהתאם לגילו-עלינו ו-2 שקי מזון גדולים מתנת אורבן צ'ויס..",רוקי,7 שנים,01-04-2016,זכר,בינוני,חום לבן,חינוך בסיסי,מעורב,"ספורטאים, אנשים שכבר גדלו כלב בעבר",https://www.letlive.org.il/wp-content/uploads/2023/07/roki8-330x330.jpg,https://www.letlive.org.il/?pet=%d7%a8%d7%95%d7%a7%d7%99-6
60,"אייס הגיע אלינו כשהיה בן פחות משנה, הוא אמץ ואחרי 5 שנים בבית ננטש עם לב מרוסק כשקפץ על רוכב אופניים. אייס רוצה לחזור עכשיו לבית שיבטיח להיות שלו לחיים שלמים. אייס לוקח חלק בפרויקט #אומנהלחיים אימוץ ללא עלות, כולל טיפולים רפואיים, בהתאם לגילו, עלינו ו-2 שקי מזון מתנת אורבן צ'ויס.",אייס,7 שנים,20-04-2016,זכר,בינוני,חום,חינוך בסיסי,מעורב,"אנשים שכבר גדלו כלב בעבר, ילדים, ספורטאים",https://www.letlive.org.il/wp-content/uploads/2024/01/ice32-330x330.jpg,https://www.letlive.org.il/?pet=%d7%90%d7%99%d7%99%d7%a1
61,"בארי הג'ינג'י המנומש הגיע אלינו בתור גור קטן. הוא אומץ וחזר כי לא הסתדר עם הילדים בבית ועכשיו מחכה למאמצים, בבית בלי ילדים קטנים, מאמצים שיבטיחו לו לתמיד, להיות למשפחה..",בארי,4 שנים,01-02-2020,זכר,בינוני,חום לבן,חינוך בסיסי,מעורב,"אנשים שכבר גדלו כלב בעבר, ספורטאים",https://www.letlive.org.il/wp-content/uploads/2024/01/beeri-330x330.jpg,https://www.letlive.org.il/?pet=%d7%91%d7%90%d7%a8%d7%99-5
62,"את קני אימצו בתור גור קטן ואחרי 5 שנים בבית נטשו לכלוב עם לב מרוסק. כלב לחוץ, שלוקח לו זמן להסיר את החומות שבנה בעקבות הנטישה הקשה. קני מקווה להגיע הפעם לבית שיודע שלאמץ זה להפוך אותו לתמיד, לחלק בלתי נפרד מהמשפחה. קני לוקח חלק בפרויקט  #אומנהלחיים אימוץ ללא עלות עבור הכלבים המבוגרים שלנו, כולל טיפולים רפואיים, בהתאם לגילו- עלינו, ו-2 שקי מזון מתנת אורבן צ'ויס.",קני,7 שנים,06-04-2016,זכר,בינוני,חום לבן,חינוך בסיסי,מעורב,"ספורטאים, אנשים שכבר גדלו כלב בעבר, בית עם חתולים",https://www.letlive.org.il/wp-content/uploads/2023/04/keni-1-2-330x330.jpg,https://www.letlive.org.il/?pet=%d7%a7%d7%a0%d7%99-2
63,"הוא יפיוף אבל זקוק למאמצים עם ניסיון בבית בלי ילדים קטנים. כי קאי עבר כנראה חיים לא פשוטים ועכשיו כשלחוץ עלול לתקוף. כלב שריסקו לו את הלב וזקוק לתיקון בבית שיבטיח לתמיד, בטוב וגם ברע, להיות לו למשפחה..",קאי,3 שנים,11-02-2021,זכר,בינוני,אפור,חינוך בסיסי,האסקי,"ספורטאים, אנשים שכבר גדלו כלב בעבר",https://www.letlive.org.il/wp-content/uploads/2023/02/kai-13-330x330.jpg,https://www.letlive.org.il/?pet=%d7%a7%d7%90%d7%99-3
64,"אחד המתוקים שיש, כל היום בזנבו רק מכשכש! פונץ' הממתק הגיע אלינו עם רגל פצועה שלצערנו לא ניתן היה להציל. על 3 רגליים הוא מאושר עד השמיים, מחלק אהבה ומתיקות אין סופיתץ פונץ' מלא בשמחת חיים, מסתדר עם כלבים וכל סוגי האנשים, יכול להיות קצת חשדן כשלא מכיר..",פונץ',3 שנים,03-11-2020,זכר,בינוני,חום שחור,חינוך בסיסי,מעורב,"ילדים, ספורטאים",https://www.letlive.org.il/wp-content/uploads/2023/06/punch30-330x330.jpg,https://www.letlive.org.il/?pet=%d7%a4%d7%95%d7%a0%d7%a5-6
65,"נרלי המתוק, ננטש מבית עם לב שבור. כלבלב מקסים שמחלק אהבה בלי סוף ומחכה למאמצים שיבטיחו לתמיד להיות שלו..",נרלי,שנתיים,05-07-2021,זכר,בינוני,חום לבן,חינוך בסיסי,מעורב,"ילדים, ספורטאים",https://www.letlive.org.il/wp-content/uploads/2023/06/nerli-4-330x330.jpg,https://www.letlive.org.il/?pet=%d7%a0%d7%a8%d7%9c%d7%99
66,"כלבה עדינה וחששנית עם כף רגל חסרה, שלא מפריעה לה להסתובב אבל מקשה עליו למצוא בית אוהב. תמרה המתוקה, כלבה שזקוק למאמצים עם הרבה סבלנות ורצון לעזור לה להסיר את החומות ולזכות בבית שיאהב בלי סוף. תמרה לוקחת חלק בפרויקט #אומנהלחיים אימוץ ללא עלות, כולל טיפולים רפואיים, בהתאם לגילה, עלינו ו-2 שקי מזון מתנת אורבן צ'ויס.",תמרה,7 שנים,05-04-2016,נקבה,קטן,חום לבן,חינוך בסיסי,מעורב,"בית עם חתולים, ילדים, אנשים שכבר גדלו כלב בעבר",https://www.letlive.org.il/wp-content/uploads/2022/02/tamara-330x330.jpg,https://www.letlive.org.il/?pet=%d7%a6%d7%90%d7%a0%d7%a1-3
67,"מאירה המתוקה, כלבה אומללה שהוחזקה בכלביית המוות, שלשמחתנו הצלחנו לסגור. אבל הטראומה שחוותה, האלימות וההזנחה, השאירו לב כואב מאוד. כלבה עדינה וחששנית, שזקוקה למאמצים סבלניים ואוהבים שרוצים לתקן עוול שנגרם לכלבה כל כך צעירה שרק התחילה את החיים..",מאירה,שנה,18-01-2023,נקבה,בינוני,שחור לבן,חינוך בסיסי,מעורב,"ילדים, ספורטאים, אנשים שכבר גדלו כלב בעבר, בית עם חתולים",https://www.letlive.org.il/wp-content/uploads/2024/01/meira-28-330x330.jpg,https://www.letlive.org.il/?pet=%d7%9e%d7%90%d7%99%d7%a8%d7%94-2
68,"צ'ופצ'יק המתוק הגיע אלינו בתור גור קטן, אומץ ואז לכלוב חזר עם לב מרוסק. מאז הוא קצת חשדן, ובצדק, הוא מחכה למאמצים עם ניסיון ואז יאהב ויצחיק המון.",צ'ופצ'יק,שנה,22-03-2023,זכר,בינוני,חום לבן,חינוך בסיסי,מעורב,"ספורטאים, אנשים שכבר גדלו כלב בעבר, בית עם חתולים",https://www.letlive.org.il/wp-content/uploads/2023/07/chup-2-330x330.jpg,https://www.letlive.org.il/?pet=%d7%a6%d7%95%d7%a4%d7%a6%d7%99%d7%a7-3
69,"כלבה מקסימה וכובשת שהוצאנו מהסגר כדי להעניק לה עתיד טוב יותר. פיפה המקסימה, כלבה חברותית ואוהבת שמאוד זקוקה לאהבה מחבקת.",פיפה,9,15-01-2015,נקבה,בינוני,חום לבן,חינוך בסיסי,מעורב,"ילדים, ספורטאים",https://www.letlive.org.il/wp-content/uploads/2018/01/fifa23-330x330.jpg,https://www.letlive.org.il/?pet=%d7%a4%d7%99%d7%a4%d7%94
70,"זאת הקציצה הכי מתוקה בעולם כולו!!!!!!! ממרח של אהבה, מאי המהממת שלנו, איך יכול להיות שדובונת כזאת עדיין פה? היא ננטשה פעמיים מבית ואיך לא, פיתחה חרדת נטישה. אבל אם תקחו אותה אתכם לעבודה (או אם אתם עובדים מהבית) כל יום יהפוך ליום עמוס באהבה. יש דבר יותר מושלם מלעבוד כשלצידך דובונית מתוקה שכזאת? מאי לוקחת חלק בפרויקט  #אומנהלחיים אימוץ ללא עלות, כולל טיפולים רפואיים בהתאם לגילו-עלינו ו-2 שקי מזון מתנת ביופט.",מאי,8 שנים,15-07-2015,נקבה,בינוני,חום,חינוך בסיסי,מעורב,"אנשים שכבר גדלו כלב בעבר, ילדים, ספורטאים",https://www.letlive.org.il/wp-content/uploads/2024/01/mai-3-330x330.jpg,https://www.letlive.org.il/?pet=%d7%9e%d7%90%d7%99-3
71,"הנרי היפיוף! כלבלב עם עיניים מדברות, הגיע אלינו פצוע כולו. הוא טופל והחלים ועכשיו רק מחכה, לבית מפנק שיאהב לתמיד. רועה מעורב עם לב זהב.",הנרי,4 שנים,09-01-2020,זכר,בינוני,חום שחור,חינוך בסיסי,"מעורב, רועה גרמני","ילדים, ספורטאים",https://www.letlive.org.il/wp-content/uploads/2023/08/henri4-330x330.jpg,https://www.letlive.org.il/?pet=%d7%94%d7%a0%d7%a8%d7%99
72,"היא שכבה קפואה בפינת הכלוב בהסגר. איש לא הצליח להתקרב אליה במשך יותר מדי זמן. העברנו את ליה אלינו לכלבייה והיא עובדת כעת עם המאלפים שלנו כדי ללמוד לבקש אהבה. כלבה סופר עדינה ומקסימה ששוברת את הלב, מתמכרת למגע וזקוקה לבית סבלני ומנוסה שיתקן את הלב.",ליה,6 שנים,19-04-2017,נקבה,בינוני,חום,חינוך בסיסי,מעורב,"ילדים, ספורטאים, אנשים שכבר גדלו כלב בעבר, בית עם חתולים",https://www.letlive.org.il/wp-content/uploads/2024/01/lia-330x330.jpg,https://www.letlive.org.il/?pet=%d7%9c%d7%99%d7%94-2
73,"שנים הוא היה בבית ושנים ארוכות מדי שהוא כאן…צ'רלי האהוב שלנו. מתיישב עלייך ופשוט דורש, אהבה בלי סוף, לתת ולקבל. צ'רלי הוא כלב עדין ומקסים שננטש, אז… כי לחוץ במפגש ראשוני עם אנשים. אז מה??????? לא שווה להשקיע יותר מרגע כדי לזכות בכמויות האהבה הבלתי נגמרת שיש למהמם הזה לתת? כלב שכולו חיוכים ופינוקים , צ'רלי לוקח חלק בפרויקט #אומנהלחיים אימוץ ללא עלות עבור הכלבים המבוגרים שלנו כשהטיפול הרפואי בבעיות הקשורות לגילו עלינו, ו-2 שקי מזון גדולים מתנת אורבן צ'ויס..",צ'ארלי,8 שנים,22-10-2015,זכר,בינוני,חום לבן,חינוך בסיסי,מעורב,"ספורטאים, אנשים שכבר גדלו כלב בעבר",https://www.letlive.org.il/wp-content/uploads/2024/01/charli-1-1-330x330.jpg,https://www.letlive.org.il/?pet=%d7%a6%d7%90%d7%a8%d7%9c%d7%99-6
74,"חביבי המתוק, נמצא משוטט במצב נוראי עם מחלת עור קשה. הוא טופל והחלים לגמרי אבל הלב נשאר פצוע וכואב. כלבלב מאוד חששן ופחדן, שזקוק להרבה עבודה וסבלנות. יהיה פרטנר מצויין בבית בו יש עוד כלבלבים ומאמצים סבלניים עם ניסיון ורצון להעניק לו חיים מלאים באהבה.",חביבי,שנתיים,07-04-2021,זכר,בינוני,חום לבן,חינוך בסיסי,מעורב,"ילדים, ספורטאים, אנשים שכבר גדלו כלב בעבר, בית עם חתולים",https://www.letlive.org.il/wp-content/uploads/2022/01/habibi-330x330.jpg,https://www.letlive.org.il/?pet=%d7%97%d7%91%d7%99%d7%91%d7%99
75,"כלב גדול מדהים ואהוב במיוחד, שלג לב זהב, לוקח חלק בפרוייקט #אומנהלחיים אימוץ ללא עלות עבור הכלבים המבוגרים שלנו, כשהטיפול הרפואי בבעיות הקשורות לגילו עלינו ושני שקי מזון גדולים מתנת ביופט.הכלב שיוציא אתכם לטיולים בטבע, ישחק אתכם, ישתובב אתכם ויתפנק בלי סוף! שלג המהמם שלנו. גור נצחי, שממיס לבבות בלי הפסקה. לצדו של שלג, אי אפשר שלא לחייך תמיד ולהיות מאוהבים תמידית. שלג יכול להיות טריטוריאלי ולכן לא מתאים לבית עם ילדים קטנים או אנשים לא מנוסים.",שלג,10 שנים,29-08-2013,זכר,בינוני,לבן,חינוך בסיסי,"מעורב, לברדור","ספורטאים, אנשים שכבר גדלו כלב בעבר",https://www.letlive.org.il/wp-content/uploads/2024/01/sheleg6-1-330x330.jpg,https://www.letlive.org.il/?pet=%d7%a9%d7%9c%d7%92-2
76,"למהממת הזאת אנשים נוראיים גזרו את האוזניים, היא למרות הזוועות שחוותה, מוכנה לפתוח את הלב לאהבה. כלבה מקסימה.",עינב,שנתיים,12-01-2022,נקבה,בינוני,חום לבן,חינוך בסיסי,מעורב,"ילדים, ספורטאים",https://www.letlive.org.il/wp-content/uploads/2024/01/einav0-330x330.jpg,https://www.letlive.org.il/?pet=%d7%a2%d7%99%d7%a0%d7%91-5
77,"כלב סופר עדין וחששן שלוקח לו המון זמן להפתח ולכן זקוק למאמצים סבלניים, עם ניסיון, שיעבדו איתו לאט ויאפשרו ללב המתוק להפתח. אחד המתוקים שיש, נסיך של האגדות שהכי שווה את ההשקעה.",פרסלי,6 שנים,06-09-2017,זכר,בינוני,חום לבן,חינוך בסיסי,מעורב,"ילדים, ספורטאים, אנשים שכבר גדלו כלב בעבר",https://www.letlive.org.il/wp-content/uploads/2022/05/presli1-330x330.jpg,https://www.letlive.org.il/?pet=%d7%a4%d7%a8%d7%a1%d7%9c%d7%99
78,"הכלבלבונת שמסתדרת עם כולםםםםם וכולם מסתדרים איתה, אוהבים ומעריצים אותה. סאשה הכלבה שעושה לכולם שמח בלב. כלבה שאוהב לשחק ולהתפנק עם מי שבא וגורמת לכולם לחייך בלי הפסקה. כלבה סופר חכמה ומהממת!.",סאשה,שנה,01-01-2023,נקבה,בינוני,חום,חינוך בסיסי,"מעורב, מלינוואה","בית עם חתולים, ילדים, ספורטאים",https://www.letlive.org.il/wp-content/uploads/2024/01/sasha76-330x330.jpg,https://www.letlive.org.il/?pet=%d7%a1%d7%90%d7%a9%d7%94
79,איך היא אוהבת להתרגש! רועה צ'כית מהממת ביופיה ובאופיה. אסיה המהממת הגיעה אלינו אחרי שנדרסה. היא טופלה והחלימה ומאז מתרגשת מכל מי שהיא פוגשת ומראה כמויות אדירות של אהבה..,אסיה,6 שנים,02-01-2018,נקבה,בינוני,חום שחור,מאולף,רועה צ'כי,"ספורטאים, ילדים",https://www.letlive.org.il/wp-content/uploads/2024/01/asia-8-330x330.jpg,https://www.letlive.org.il/?pet=%d7%90%d7%a1%d7%99%d7%94-2
80,"אחד הפרצופים המתוקים אם לא ה-!! מייקי המושלם! כלבלבון בן שנה שהגיע אלינו עם פצע כואב ומזוהם בראשו! הגיבור הזה עבר ניתוח מורכב, הראייה קצת נחלשה, בעיקר למרחוק, אבל הוא לגמרי בריא והכי הכי גיבור! עדין ומתוק שמכור לפינוקים, מחונך ומאולף ובאמת שהפרצוף הזה דורש נשיקות על האף..",מייקי,שנה,02-01-2023,זכר,בינוני,שחור לבן,חינוך בסיסי,מעורב,"ילדים, ספורטאים, בית עם חתולים",https://www.letlive.org.il/wp-content/uploads/2024/01/miki2-330x330.jpg,https://www.letlive.org.il/?pet=%d7%9e%d7%99%d7%99%d7%a7%d7%99-5
81,גם דוגמן וגם הכלב הכי חמוד בעולם! חמו חמידות. כלבלב על 3 רגליים מתפנק ואוהב שבעיניו החמודות מבקש שתעניקו לו בית חם ומפנק. סופר חברותי וחכם..,חמו,שנה,08-03-2023,זכר,בינוני,חום,חינוך בסיסי,מלינוואה,"ילדים, ספורטאים",https://www.letlive.org.il/wp-content/uploads/2024/01/himon-4-330x330.jpg,https://www.letlive.org.il/?pet=%d7%97%d7%9e%d7%95
82,"אביעד המהמם, כלבלב מתוק שלאהבה נולד, אומץ בתור גור ואז לכלבייה חזר עצוב ומקווה כעת למצוא בית שלתמיד יידע שזכה בכלבלב מהאגדה. אביעד לוקח חלק בפרויקט #אומנהלחיים אימוץ ללא עלות, כולל טיפולים רפואיים, בהתאם לגילו, עלינו ו-2 שקי מזון מתנת אורבן צ'ויס.",אביעד,7 שנים,06-10-2016,זכר,בינוני,חום לבן,חינוך בסיסי,מעורב,"ילדים, ספורטאים, אנשים שכבר גדלו כלב בעבר",https://www.letlive.org.il/wp-content/uploads/2022/06/aviad-330x330.jpeg,https://www.letlive.org.il/?pet=%d7%90%d7%91%d7%99%d7%a2%d7%93
83,"פבליטו הכלבלב והאוזניים המתוקות בעולם! הגיע אלינו חולה, טופל והחלים, אומץ וחזר מבית עם לב מרוסק לרסיסים. כלב שאיבד את האמון בבני אדם, זקוק ליותר מרגע אחד להכיר כדי להפתח ולתת את האהבה הלב שמפחד שוב להפגע..",פבליטו,3 שנים,10-02-2021,זכר,בינוני,חום,חינוך בסיסי,מעורב,"ילדים, ספורטאים, אנשים שכבר גדלו כלב בעבר",https://www.letlive.org.il/wp-content/uploads/2021/07/chara-6-330x330.jpg,https://www.letlive.org.il/?pet=%d7%a4%d7%91%d7%9c%d7%99%d7%98%d7%95
84,"את זואי המקסימה נטשו כבר מ-3 בתים! כלבה של אהבה, שמאוד טריטוריאלית ולא מסתדרת עם כלבים אחרים ולכן ננטשה כל כך הרבה פעמים. שבורת לב וצמאה לאהבה, זואי רוצה הפעם להגיע לבית- לתמיד! זואי לוקחת חלק בפרויקט #אומנהלחיים אימוץ ללא עלות, כולל טיפולים רפואיים, בהתאם לגילה- עלינו ו-2 שקי מזון מתנת אורבן צ'ויס.",זואי,7 שנים,01-01-2017,נקבה,בינוני,חום שחור לבן,חינוך בסיסי,מעורב,"ילדים, ספורטאים, אנשים שכבר גדלו כלב בעבר",https://www.letlive.org.il/wp-content/uploads/2024/01/zoe-18-330x330.jpg,https://www.letlive.org.il/?pet=%d7%96%d7%95%d7%90%d7%99-2
85,"7 שנים שהג'ינג'י המדהים הזה היה בבית ואז לכלוב ננטש. מאז, בצדק, האמון שלו בבני אדם אבד ומאז כבר שנתיים שהוא מחכה לחזור הביתה. #אומנהלחיים אימוץ ללא עלות עבור הכלבים המבוגרים שלנו, כולל טיפולים רפואיים, בהתאם לגילו-עלינו ו-2 שקי מזון מתנת ביופט. ג'וש זקוק לבית עם סבלנות וניסיון, בלי ילדים קטנים, ייקח לו זמן להסיר את החמות אבל כשזה יקרה, הוא יהיה חבר אמיתי!.",ג'וש,10 שנים,18-07-2013,זכר,קטן,חום,חינוך בסיסי,מעורב,"ספורטאים, אנשים שכבר גדלו כלב בעבר",https://www.letlive.org.il/wp-content/uploads/2023/12/gosh-2-330x330.jpg,https://www.letlive.org.il/?pet=%d7%92%d7%95%d7%a9-4
86,"את רן המתוק חילצנו ממאגר מים בו נתקע ולא היה מסוגל לצאת משם, מה שכמעט עלה לו בחייו. כלב עדין וחששן שלומד עכשיו להכיר אנשים טובים ומחכה למאמצים עם סבלנות והרבה אהבה, להעניק לו בית חם בו יוכל לצבור חוויות חדשות לחיים.",רן,3 שנים,01-06-2020,זכר,בינוני,חום שחור לבן,חינוך בסיסי,מעורב,"ילדים, ספורטאים, אנשים שכבר גדלו כלב בעבר, בית עם חתולים",https://www.letlive.org.il/wp-content/uploads/2022/12/rab-2-330x330.jpg,https://www.letlive.org.il/?pet=%d7%a8%d7%9f-2
87,"הכלבלב שמוכיח שהגיל הוא רק תרגיל, לופ האהוב שלנו. כמה שהמתוק הזה אוהב לרוץ, לשחק ולהשתובב. הוא אוהב להתנשק ולהתפנק בלי סוף אבל לפעמים מתוך מגע של פינוקים, פתאום משהו לא נעים לו והוא מתרגז ומתהפך. זכותו לא?.לופ מחכה לאנשים שרוצים להוציא מהכלוב כלב אהוב שמחכה כאן כבר שנים (!!!) לרוץ מפה. לופ מאולף ומעלף. מחכה ביחד עם עוד עשרות כלבים מבוגרים במסגרת #אומנהלחיים אימוץ ללא עלות עבור הכלבים המבוגרים שלנו, טיפולים רפואיים עלינו ושני שקי אוכל גדולים מתנת ביופט.",לופ,11 שנים,09-01-2013,זכר,גדול,חום,חינוך בסיסי,מעורב,"ספורטאים, אנשים שכבר גדלו כלב בעבר",https://www.letlive.org.il/wp-content/uploads/2023/12/lup-1-330x330.jpg,https://www.letlive.org.il/?pet=%d7%9c%d7%95%d7%a4
88,"ויני המהממממם שלנו. רוטווילר מעורב עם לב זהב שמחכה אצלנו שנים. הוא שננטש מבית כי היה טריטוריאלי ומחכה יותר מדי זמן, למאמצים עם ניסיון, שידעו להתנהל איתו ויזכו באהבה בכמויות. מאז הנטישה, לויני לוקח זמן לסמוך על מי שלא מכיר, אבל כשהוא נפתח, הלב מתרחב ממש והוא ממרח בלתי רגיל! הוא מאולף, הוא מעלף, הוא החודש בן 8 והגיע הזמן שיזכה לאהבה ומיטה חמה..ויני לוקח חלק בפרויקט #אומנהלחיים אימוץ ללא עלות עבור הכלבים המבוגרים שלנו, כולל טיפולים רפואיים, במידת הצורך, ו-2 שקי מזון.",ויני,9,29-01-2015,זכר,בינוני,חום שחור לבן,מאולף,"מעורב, רוטווילר","ספורטאים, אנשים שכבר גדלו כלב בעבר, ילדים",https://www.letlive.org.il/wp-content/uploads/2022/12/IMG_0358-2-%D7%A7%D7%98%D7%9F-330x330.jpg,https://www.letlive.org.il/?pet=%d7%95%d7%99%d7%a0%d7%99-2
89,"שנים שהפרצוף לב הזה מחכה לבית. לאהבה. הכלב הכי מושלם בעולם. באמת. אין דברים כמוהו וזה מדהים, שבמהלך השנים ואלפי אנשים שעברו ליד הכלוב שלו ולא ברור איך, איש לא התאהב בלב שבו. חסון המהממון שלנו, פשוט כלב שכל כולו אהבה. מנשק, מחבק, רק מבקש עוד ועוד להתפנק. העובדה שהוא עדיין כאן- היא באמת בגדר תעלומה..חסון לוקח חלק בפרוייקט #אומנהלחיים אימוץ ללא עלות עבור הכלבים המבוגרים שלנו,  כשהטיפול הרפואי בבעיות הקשורות לגילו עלינו ו-2 שקי מזון מתנת ביופט. תעשו #מקוםבלב למדהים הזה ותזכו באהוב מושלם.",חסון,10 שנים,23-10-2013,זכר,בינוני,חום,חינוך בסיסי,"מעורב, אמסטף","ילדים, ספורטאים, אנשים שכבר גדלו כלב בעבר",https://www.letlive.org.il/wp-content/uploads/2023/12/hason-2-330x330.jpg,https://www.letlive.org.il/?pet=%d7%97%d7%a1%d7%95%d7%9f
90,"אומרים שהכלב הוא חברו הטוב ביותר של האדם ולמרות זאת, נוטשים אותם כל הזמן..אמיגו האהוב הגיע אלינו עם אחיו בתור גור קטן, מבסיס צבאי. כל האחים, כולל אמיגו, אומצו אבל את אמיגו החזירו לכלוב ומאז עברו כבר 7 שנים. אמיגו ננטש כי רכושני כשאוכל או משחק. לכל בעיה יש פיתרון, אבל אמיגו נזרק לכלוב והשנים עוברות ובגיל 8 המהמם הזה צריך לצאת הביתה. אמיגו לוקח חלק בפרויקט #אומנהלחיים אימוץ ללא עלות עבור הכלבים המבוגרים שלנו, כולל טיפולים רפואיים בהתאם לגילו-עלינו-2 שקי מזון מתנת אורבן צ'ויס.",אמיגו,9,04-02-2015,זכר,גדול,חום לבן,חינוך בסיסי,מעורב,"ספורטאים, אנשים שכבר גדלו כלב בעבר",https://www.letlive.org.il/wp-content/uploads/2023/12/amigo9-330x330.jpg,https://www.letlive.org.il/?pet=%d7%90%d7%9e%d7%99%d7%92%d7%95
91,"כלבה מקסימה וטובה שננטשה מבית עם לב שבור. פנסי היא כלבה מאוד קנאית לתשומת לב ולכן רצוי שתהיה בת יחידה ותזכה בכל האהבה שמגיע לה, בלי שתתעורר בה קנאה.",פנסי,5 שנים,11-07-2018,נקבה,בינוני,חום לבן,חינוך בסיסי,מעורב,"ספורטאים, אנשים שכבר גדלו כלב בעבר",https://www.letlive.org.il/wp-content/uploads/2023/12/fenci-3-330x330.jpg,https://www.letlive.org.il/?pet=41744
92,"רקס המשגע. כלבלב עם אוזן כזאת חמודה שמחכה לשמוע מילים של אהבה. כלב עדין וקצת פחדן, מחכה למאמצים עם ניסיון וסבלנות, שיעניקו לו בית בו יוכל להתכרבל ולהרגיש הכי אהוב שיש.",רקס,שנה,03-08-2022,זכר,בינוני,חום לבן,חינוך בסיסי,מעורב,"ספורטאים, אנשים שכבר גדלו כלב בעבר",https://www.letlive.org.il/wp-content/uploads/2023/03/rexi-330x330.jpg,https://www.letlive.org.il/?pet=%d7%a8%d7%a7%d7%a1-3
93,"לב גדול ומקסים, שהגיע אלינו במצב נוראי ומאז פחות סומך על בני אדם. כשנפתח, הוא נותן את כל הלב! אבל זקוק למאמצים עם ניסיון.",לב,6 שנים,17-07-2017,זכר,גדול,בז',חינוך בסיסי,מעורב,"ספורטאים, אנשים שכבר גדלו כלב בעבר",https://www.letlive.org.il/wp-content/uploads/2020/10/lev43-330x330.jpg,https://www.letlive.org.il/?pet=%d7%9c%d7%91
94,"פרידה המהממת, חמידות שיא של כלבה, שננטשה מבית בגלל שרכושנית מאוד למקום שלה, לצעצועים שלה ולאוכל שלה ולכן למרות המתיקות, לא מתאימה לכל בית. פרידה זקוקה למאמצים עם ניסיון, בבית בלי ילדים קטנים, אם תדעו להציב לה גבולות ולעבוד איתה נכון, תזכו בבובה אמיתית..",פרידה,3 שנים,13-05-2020,נקבה,בינוני,חום לבן,חינוך בסיסי,מעורב,"ספורטאים, אנשים שכבר גדלו כלב בעבר, בית עם חתולים",https://www.letlive.org.il/wp-content/uploads/2023/12/frida1-1-330x330.jpg,https://www.letlive.org.il/?pet=%d7%a4%d7%a8%d7%99%d7%93%d7%94-2
95,"פונצ'ו המשגע הסתובב במשך יותר מדי זמן לבדו ברחובות באר שבע. המהמם הזה הצליח לשרוד בגבורה, עכשיו הוא רוצה להפסיק את הנדודים ולהגיע לבית שידאג לו ויפנק בלי הפסקה. פונצ'ו לוקח חלק בפרויקט #אומנהלחיים אימוץ ללא עלות עבור הכלבים המבוגרים שלנו, כולל טיפולים רפואיים, בהתאם לגילו- עלינו, ו-2 שקי מזון מתנת אורבן צ'ויס..",פונצ'ו,8 שנים,06-05-2015,זכר,גדול,חום לבן,חינוך בסיסי,מעורב,"אנשים שכבר גדלו כלב בעבר, ילדים, ספורטאים",https://www.letlive.org.il/wp-content/uploads/2023/12/poncho-1-330x330.jpg,https://www.letlive.org.il/?pet=%d7%a4%d7%95%d7%a0%d7%a6%d7%95
96,"חתיך על חלל שמעניק אהבה בכמויות גדולות! ארטיום המשגע, כלב חזק ומדהים, שאוהב מלא לשחק אבל ממש לא מוותר על ים של נשיקות ופינוקים. ארטיום לוקח חלק בפרויקט #אומנהלחיים אימוץ ללא עלות עבור הכלבים המבוגרים שלנו, טיפולים רפואיים עלינו ושני שקי אוכל גדולים מתנת ביופט.",ארטיום,7 שנים,08-02-2017,זכר,גדול,חום שחור,חינוך בסיסי,מלינוואה,"ילדים, ספורטאים, אנשים שכבר גדלו כלב בעבר",https://www.letlive.org.il/wp-content/uploads/2021/12/art63-330x330.jpg,https://www.letlive.org.il/?pet=%d7%90%d7%a8%d7%98%d7%99%d7%95%d7%9d
97,"קוקי קוקילידה הבובה! ממש מחכה להמתיק לכם את החיים. אוהבת להוציא הרבה אנרגיה בטיולים ועם זאת, לא מוותרת אף פעם על ישיבת פינוקים.",קוקי,3 שנים,04-02-2021,נקבה,בינוני,חום לבן,חינוך בסיסי,מעורב,"ילדים, ספורטאים",https://www.letlive.org.il/wp-content/uploads/2023/07/kuki-330x330.jpg,https://www.letlive.org.il/?pet=%d7%a7%d7%95%d7%a7%d7%99-4
98,"סאני הכלבלבונת שכולה קסם ואהבה. כלבה שנמצאה משוטטת לבדה והשבב הוביל ליותר מדי אנשים שהעבירו אותה מיד ליד, כאלו היתה חפץ משומש. עכשיו סאני מבקשת להגיע לבית שיבטיח להיות שלה לתמיד.",סאני,6 שנים,10-12-2017,זכר,בינוני,חום,חינוך בסיסי,מעורב,"ילדים, ספורטאים",https://www.letlive.org.il/wp-content/uploads/2023/12/sani-330x330.jpg,https://www.letlive.org.il/?pet=%d7%a1%d7%90%d7%a0%d7%99-7
99,"קונגו המשגע אומץ בתור גור קטן וחזר אחרי מספר חודשים עם לב שבור לרסיסים. מתוק אמיתי, עדין ומקסים, שמחכה עכשיו לבית שיודע שלאמץ אותו זה להפוך אותו- לתמיד, לחלק בלתי ננפרד מהמשפחה.",קונגו,3 שנים,05-02-2021,זכר,בינוני,חום לבן,חינוך בסיסי,מעורב,"ילדים, ספורטאים",https://www.letlive.org.il/wp-content/uploads/2023/03/kongo-2-330x330.jpg,https://www.letlive.org.il/?pet=%d7%a7%d7%95%d7%a0%d7%92%d7%95
100,"כלבלבונת עם עיניי שקד מלא בעצבות תהומית, ג'מה שלנו היא ילדונת פחדנית שזקוקה לבית סובלני מלא באהבה כדי להחליף את המבט העצוב בשמחה. היא עובדת עם המאלפים שלנו, אבל רק בבית מחבק תוכל לפרוח ולהיות הכי מאושרת שיש. ג'מה מחכה אצלנו כבר שנים ארוכות למאמצים סבלנים, היא לוקחת חלק בפרויקט #אומנהלחיים אימוץ ללא עלות, כשהטיפול הרפואי בבעיות הקשורות לגילה, עלינו, במידת הצורך ו-2 שקי מזון גדולים מתנת ביופט.",ג'מה,9,13-03-2015,נקבה,בינוני,חום,חינוך בסיסי,מעורב,"ספורטאים, אנשים שכבר גדלו כלב בעבר, בית עם חתולים",https://www.letlive.org.il/wp-content/uploads/2023/02/gema1-330x330.jpg,https://www.letlive.org.il/?pet=%d7%92%d7%9e%d7%94
101,"את מותק המתוקה נטשו מבית כי טריטוריאלית ולא מסתדרת עם כל הכלבים. כלבה עם לב מרוסק, מחכה עכשיו להכיר מאמצים מנוסים, שיתקנו את הסדק שנגרם לה בלב ויבטיחו לה בית לתמיד.",מותק,3 שנים,01-07-2020,נקבה,בינוני,חום שחור,חינוך בסיסי,מעורב,"ספורטאים, אנשים שכבר גדלו כלב בעבר",https://www.letlive.org.il/wp-content/uploads/2023/01/motek-4-330x330.jpg,https://www.letlive.org.il/?pet=53958
102,"חתיך על שהספיק בחייו הקצרים כבר לפגוש אנשים לא נחמדים,,ולכן שון המהממון שלנו לא תמיד סומך על בני אדם, מחכה למאמצים מנוסים שיתקנו את הלב, שיבטיחו לתמיד בית אוהב.",שון,7 שנים,29-12-2016,זכר,גדול,חום לבן,חינוך בסיסי,מעורב,"ספורטאים, אנשים שכבר גדלו כלב בעבר",https://www.letlive.org.il/wp-content/uploads/2023/11/%D7%A9%D7%95%D7%9F01-4-800x557-1-330x330.jpg,https://www.letlive.org.il/?pet=%d7%a9%d7%95%d7%9f-6
103,"כל מה שצריך זה מאמצים עם סבלנות וניסיון ומוהק ייתן אהבה בכמויות! מוהק כלב שרק רוצה כל היום להתפנק ולהתכרבל בלי הפסקה. אבל את כל זה אפשר לגלות רק אחרי הכרות מעמיקה..כשמוהק מכיר אנשים חדשים, הוא לרב נלחץ מאוד והופך תוקפני ולכן עדיין לא מצא מישהו שישאר יותר מרגע אחד ויגלה את הממתק שבפנים. מוהק זקוק למאמצים עם ניסיון, עם ליווי מלא שלנו כמובן..",מוהק,7 שנים,21-12-2016,זכר,גדול,בז',חינוך בסיסי,"מעורב, לברדור","ספורטאים, אנשים שכבר גדלו כלב בעבר",https://www.letlive.org.il/wp-content/uploads/2023/11/mohak-8-330x330.jpg,https://www.letlive.org.il/?pet=%d7%9e%d7%95%d7%94%d7%a7
104,"את ג'סי נטשו מבית כשהתחילו עבודות תמא בבניין והוא פחד מהרעשים..ג'סי הוא כלב מקסים, אוהב אנשים וילדים אבל הוא לחוץ במפגש ראשון וכן, הוא גם מפחד מרעשים. רגיש, מתוק, עמוס באהבה, מחכה הפעם לבית שיבטיח להיות שלו בטוב וגם ברע. ג'סי לוקח חלק בפרויקט #אומנהלחיים אימוץ ללא עלות, כולל טיפולים רפואיים, בהתאם לגילו, עלינו ו-2 שקי מזון מתנת אורבן צ'ויס.",ג'סי,7 שנים,05-08-2016,זכר,גדול,חום לבן,חינוך בסיסי,מעורב,"ילדים, ספורטאים, אנשים שכבר גדלו כלב בעבר",https://www.letlive.org.il/wp-content/uploads/2022/08/jesi01-330x330.jpg,https://www.letlive.org.il/?pet=%d7%92%d7%a1%d7%99-9
105,"קוקה המתוק, כלבלבון עדין ומקסים שהגיע אלינו עם לקויות בעור ושבר באגן. כל כך צעיר וכבר צריך להתמודד עם צרות העולם. קוקה נותח וטופל, הוא עדיין סוחב צליעה קלה, אבל הולך, מתרוצץ, משחק ומפזר מלא אהבה.",קוקה,שנה,18-11-2022,זכר,בינוני,לבן,חינוך בסיסי,מעורב,"בית עם חתולים, ילדים",https://www.letlive.org.il/wp-content/uploads/2023/11/dog9-330x330.jpg,https://www.letlive.org.il/?pet=%d7%a7%d7%95%d7%a7%d7%94-3
106,"אי אפשר שלא להתאהב בבננה וקשה להאמין שהבובה הזאת, עברה התעללות קשה כשגזרו לה את האוזניים בלי בושה! מתוקה עדינה ומקסימה שמחכה לפתוח דף חדש בבית שיפנק בלי הפסקה.",בננה,שנה,10-05-2022,נקבה,בינוני,חום לבן,חינוך בסיסי,מעורב,"ספורטאים, אנשים שכבר גדלו כלב בעבר, בית עם חתולים",https://www.letlive.org.il/wp-content/uploads/2023/11/banana-1-330x330.jpg,https://www.letlive.org.il/?pet=%d7%91%d7%a0%d7%a0%d7%94-3
107,"דודי המתוק! כלבלבון עדין וביישן שמאוד מפחד, נראה שבחייו הקצרים כבר הצליחו לרסק לו את הלב. הוא זקוק למאמצים סבלניים, שיאפשרו לו, בקצב שלו, להסיר את החומות שבנה סביב הלב.",דודי,שנתיים,01-05-2021,זכר,בינוני,חום,חינוך בסיסי,מעורב,"בית עם חתולים, ילדים, ספורטאים, אנשים שכבר גדלו כלב בעבר",https://www.letlive.org.il/wp-content/uploads/2023/11/dori-1-330x330.jpg,https://www.letlive.org.il/?pet=%d7%93%d7%95%d7%93%d7%99
108,"מאצ'ו ננטש מבית מבוהל מאוד. הוא כלב מקסים, מאוד לחוץ במפגש ראשון אבל כשנרגע נותן ומבקש כל כך הרבה אהבה. מאצ'ו הוא כלב רכושני שזקוק למאמצים מנוסים, שיעבדו איתו נכון ויוכלו להחזיר אותו הביתה- הפעם לתמיד. מאצ'ו לוקח חלק בפרויקט #אומנהלחיים אימוץ ללא עלות, כולל טיפולים רפואיים בהתאם לגילו-עלינו ו-2 שקי מזון גדולים מתנת אורבן צ'ויס.",מאצ'ו,8 שנים,24-02-2016,זכר,בינוני,חום לבן,חינוך בסיסי,"מעורב, מלינוואה","ספורטאים, אנשים שכבר גדלו כלב בעבר",https://www.letlive.org.il/wp-content/uploads/2021/01/macho92-e1614771058561-330x330.jpg,https://www.letlive.org.il/?pet=%d7%9e%d7%90%d7%a6%d7%95
109,"את הלב של בל שברו כבר פעמיים. היא ננטשה משני בתים, פעם אחת כי עלתה על הספה…פעם שנייה כי הילד אלרגי…כלבה עדינה וחששנית שמבקשת בפעם השלישית להגיע לבית שידע שזכה בנסיכה אמיתית. בל לוקחת חלק בפרויקט #אומנהלחיים אימוץ ללא עלות, כולל טיפולים רפואיים בהתאם לגילה ו-2 שקי מזון מתנת אורבן צ'ויס.",בל,8 שנים,02-02-2016,נקבה,בינוני,בז',חינוך בסיסי,מעורב,"ספורטאים, אנשים שכבר גדלו כלב בעבר, בית עם חתולים, ילדים",https://www.letlive.org.il/wp-content/uploads/2023/10/bel-330x330.jpg,https://www.letlive.org.il/?pet=%d7%91%d7%9c-8
110,"את חתיך העל המדהים הזה, חילצנו אחרי שהיה קשור, קופא מקור, רטוב עד לשד עצמותיו, עם מחסום על הפה, לא מסוגל אפילו לזעוק את הכאב! טורץ' המדהים עכשיו כבר מחייך, מחלק אהבה לכל מי שרק מבקש. הוא מחכה לבית שיפנק בלי סוף. טורץ' לוקח חלק בפרויקט #אומנהלחיים אימוץ ללא עלות, כולל טיפולים רפואיים בהתאם לגילו-עלינו ו-2 שקי מזון גדולים מתנת אורבן צ'ויס.",טורץ',9,03-03-2015,זכר,בינוני,חום לבן,חינוך בסיסי,פיטבול,"ספורטאים, אנשים שכבר גדלו כלב בעבר",https://www.letlive.org.il/wp-content/uploads/2023/10/torch-330x330.jpg,https://www.letlive.org.il/?pet=%d7%98%d7%95%d7%a8%d7%a5
111,"בארי היה חלק מהמשפחה במשך חמש שנים ואז ננטש כי שומר על המשפחה מכל משמר..כלב נאמן ואוהב למי שמכיר, אבל מאוד טריטוריאלי ושומר על מי שאוהב ומכיר ולצערנו מעולם לא עבדו איתו על כך ועכשיו הוא ננטש עם לב כואב כל כך. זקוק למאמצים עם ניסיון שיזכו בכלב שייתן את כל כולו.",בארי,6 שנים,07-02-2018,זכר,גדול,חום שחור לבן,חינוך בסיסי,מעורב,"ספורטאים, אנשים שכבר גדלו כלב בעבר",https://www.letlive.org.il/wp-content/uploads/2023/02/beri-7-330x330.jpg,https://www.letlive.org.il/?pet=%d7%91%d7%90%d7%a8%d7%99-4
112,"יוני מהממוני, כלבלב עדין ביישן וחששן, שזקוק למאמצים סבלניים שיעניקו לו ביטחון כדי שיוכל להפוך לכלבלב מאושר שימלא את הבית באהבה.",יוני,4 שנים,04-06-2019,זכר,בינוני,חום לבן,חינוך בסיסי,מעורב,"ילדים, ספורטאים, אנשים שכבר גדלו כלב בעבר, בית עם חתולים",https://www.letlive.org.il/wp-content/uploads/2020/06/yoni-4-330x330.jpg,https://www.letlive.org.il/?pet=%d7%99%d7%95%d7%a0%d7%99-6
113,"מלך היופי, העדינות והחמידות, עפריקי האהוב. כלבלב עם פרווה משגעת, סופר מתפנק ואוהב, הגיע בתור גור קטן ממחנה צבאי ומאז עברו יותר מדי שנים! הוא הספיק להיות בבית ולחזור כי חששן, מאז הוא מחכה להזדמנות בבית סבלני עם מאמצים שיתנו לו את הזן שלו להסתגל ולהתרגל, להעניק את האהבה שיש בו בכמויות שכובשות את הלב. עפריקי לוקח חלק בפרויקט #אומנהלחיים אימוץ ללא עלות עבור הכלבים המבוגרים שלנו, כולל טיפולים רפואיים, במידת הצורך, ו-2 שקי מזון.",עפריקי,9,27-01-2015,זכר,בינוני,חום שחור לבן,חינוך בסיסי,מעורב,"בית עם חתולים, ילדים, ספורטאים, אנשים שכבר גדלו כלב בעבר",https://www.letlive.org.il/wp-content/uploads/2020/05/ofriki-5-330x330.jpg,https://www.letlive.org.il/?pet=%d7%a2%d7%a4%d7%a8%d7%99%d7%a7%d7%99
114,"דופון המתוק, כלב סופר עדין וחששן שהוצאנו מהסגר כדי להעניק לו עתיד טוב יותר. דופון זקוק למאמצים עם ניסיון והרבה סבלנות כדי שיוכל לצאת ולהיות נסיך מאושר בבית שיאהב בטירוף.",דופון,5 שנים,13-02-2019,זכר,בינוני,חום לבן,חינוך בסיסי,מעורב,"ילדים, ספורטאים, אנשים שכבר גדלו כלב בעבר, בית עם חתולים",https://www.letlive.org.il/wp-content/uploads/2022/02/dufon-5-330x330.jpg,https://www.letlive.org.il/?pet=%d7%93%d7%95%d7%a4%d7%95%d7%9f
115,"באסטר הוא יפיוף על שננטש כבר משני בתים בגלל שרכושני לצעצועים ולמזון שלו. הוא לא מתאים לבית עם ילדים קטנים, הוא זקוק לבית עם ניסיון, לבית שבפעם השלישית יבטיח להיות שלו בטוב וגם ברע- לתמיד!.",באסטר,5 שנים,05-06-2018,זכר,בינוני,חום לבן,חינוך בסיסי,מעורב,"אנשים שכבר גדלו כלב בעבר, ספורטאים",https://www.letlive.org.il/wp-content/uploads/2023/10/baster-2-330x330.jpg,https://www.letlive.org.il/?pet=%d7%91%d7%90%d7%a1%d7%98%d7%a8
116,"חתיך מהמם נמצא משוטט לבדו, עבר להסגר עם בלוטת רוק מוגדלת ועבר אלינו לקבלת טיפול. הוא מקסים, הוא אוהב ומתפנק, שקנאי מחכה לבית הכי טוב שיש.",שקנאי,4 שנים,18-03-2020,זכר,בינוני,חום,חינוך בסיסי,מלינוואה,"ילדים, ספורטאים",https://www.letlive.org.il/wp-content/uploads/2023/03/saknai1-330x330.jpg,https://www.letlive.org.il/?pet=%d7%a9%d7%a7%d7%a0%d7%90%d7%99
117,"שלד של כלב, שכב ללא תזוזה, הורעב למוות, כאוב, במצב גסיסה. כך מצאנו את רוברט. הוא קיבל את הטיפול הרפואי הטוב ביותר, ואנחנו מאושרים לעדכן שהוא יכול לצאת הביתה!! כלבלב מדהים, עמוס באנרגיה ושמחת חיים..",רוברט,3 שנים,25-12-2020,זכר,בינוני,חום,חינוך בסיסי,מעורב,"ילדים, ספורטאים",https://www.letlive.org.il/wp-content/uploads/2023/06/robert6-330x330.jpg,https://www.letlive.org.il/?pet=%d7%a8%d7%95%d7%91%d7%a8%d7%98
118,"רואים את העצב בעיניים? רקס המתוק הסתובב ברחובות, רזה, מוזנח, הוא היה עם קדחת קרציות קשה והיה חשש לחייו. טיפלנו בו, הוא החלים לגמרי ועכשיו מגיע לו לזכות בבית הכי מפנק ואוהב שיש..אנחנו לא יודעים איזה חיים חווה עד עכשיו, אבל יש במתוק הזה מלא אהבה ונאמנות מעוררת הערצה. רקס לוקח חלק בפרויקט #אומנהלחיים אימוץ ללא עלות עבור הכלבים המבוגרים שלנו, כשהטיפול הרפואי בבעיות הקשורות לגילו עלינו ו-2 שקי מזון מתנת אורבן צ'ויס.",רקס,9,01-10-2014,זכר,בינוני,שחור לבן,חינוך בסיסי,מעורב,"ילדים, ספורטאים",https://www.letlive.org.il/wp-content/uploads/2023/10/rex-330x330.jpg,https://www.letlive.org.il/?pet=%d7%a8%d7%a7%d7%a1-4
119,"מילקי המתוק הסתובב במשך יותר מדי זמן, עם רגל שבורה וכואבת ובהזנחה כוללת של הגוף. הוא החלים, אומץ ואז לכלוב חזר מרוסק. הוא הכי מתפנק שיש ואם תסתכלו לו בעיניים תראו כמה אהבה שהוא מבקש. מילקי המהמם שלנו, כלב קצת לחוץ שלוקח לו יותר מרגע אחד או שניים כדי להתמסר בטירוף. כשזה קורה- הוא נמס, מתחבק ומתכרבל ואין אהבה יותר גדולה ממה שהמתוק הזה מעניק בלי הפסקה..",מילקי,6 שנים,08-03-2018,זכר,בינוני,חום לבן,חינוך בסיסי,מעורב,"ספורטאים, אנשים שכבר גדלו כלב בעבר",https://www.letlive.org.il/wp-content/uploads/2021/05/milki8-330x330.jpg,https://www.letlive.org.il/?pet=%d7%9e%d7%99%d7%9c%d7%a7%d7%99-5
120,"הוא אחד החמודים האהובים שיש! אבל בגלל שחששן וביישן במפגש ראשון, הוא משלם על כך בהמתנה ארוכה ושנים שספידי מחכה לאהבה! #אומנהלחיים אימוץ ללא עלות עבור הכלבים המבוגרים שלנו,  כשהטיפול הרפואי בבעיות הקשורות לגילו עלינו ו-2 שקי מזון מתנת ביופט. ספידי התחיל את חייו ""ככלב שמירה"" הצליח להשתחרר מהכבל, עבר אלינו ומאז הוא מחכה לזכות בחיים בהם מעולם לא זכה. זה לוקח לו זמן להסיר חומות וכשזה קורה הוא כל כולו מתמסר לאהבה לה הוא מחכה בציפייה ארוכה.",ספידי,10 שנים,31-07-2013,זכר,גדול,חום לבן,חינוך בסיסי,"מעורב, סלוקי","ספורטאים, אנשים שכבר גדלו כלב בעבר, בית עם חתולים",https://www.letlive.org.il/wp-content/uploads/2016/03/spedy-18-e1464205561884-330x330.jpg,https://www.letlive.org.il/?pet=%d7%a1%d7%a4%d7%99%d7%93%d7%99
121,"את ג'ני הבובה נטשו מבית כי לחוצה וחששנית במפגש ראשוני עם אנשים. כלבה עדינה ומקסימה, שרעשים יכולים להפחיד אותה אבל היא עובדת עם המאלפים שלנו ומתקדמת נפלא. זקוקה לבית שקט, מאמצים עם ניסיון, מדובר בכלבלבונת שמעניקה אהבה והמון..",ג'ני,4 שנים,04-02-2020,נקבה,בינוני,לבן,חינוך בסיסי,מעורב,"ספורטאים, אנשים שכבר גדלו כלב בעבר",https://www.letlive.org.il/wp-content/uploads/2023/09/jeni8-330x330.jpg,https://www.letlive.org.il/?pet=%d7%92%d7%a0%d7%99
122,"את אחווה היפהפיה נטשו מבית כי ניסתה לשמור על בני הבית כל הזמן. היא לקחה את הנטישה מאוד קשה. כלבה עם לב רגיש שהתנפץ לרסיסים וכעת מאוד מתקשה לסמוך על אנשים חדשים. מתוקה שזקוקה למאמצים עם ניסיון, מסתדרת עם כלבים וחתולים.",אחווה,שנתיים,01-09-2021,נקבה,גדול,חום לבן,חינוך בסיסי,מעורב,"ספורטאים, אנשים שכבר גדלו כלב בעבר, בית עם חתולים",https://www.letlive.org.il/wp-content/uploads/2022/11/milo-2-330x330.jpg,https://www.letlive.org.il/?pet=%d7%90%d7%97%d7%95%d7%95%d7%94
123,"יש לו עין אחת ולב אחד מתוק במיוחד! מוגלי המשגע. כלבלב סופר חברותי, עדין ומקסים, יראה לכם תמיד רק את הצד הטוב שבחיים. כלב עמוס באהבה, עצלן ושקט, להרבה כירבולים על הספה ואהבה הכי מספקת שיש.",מוגלי,7 שנים,07-12-2016,זכר,בינוני,חום לבן,חינוך בסיסי,מעורב,"ילדים, ספורטאים",https://www.letlive.org.il/wp-content/uploads/2023/09/mogli-14-330x330.jpg,https://www.letlive.org.il/?pet=%d7%9e%d7%99%d7%9b%d7%90%d7%9c-3
124,"וולברין שוטט במשך יותר מדי זמן לבדו והיה קשה מאוד לתפוס אותו ולהביא אותו אלינו. כשהגיע, גם לא איפשר להתקרב ומאוד שמר על עצמו. אבל לאט לאט הוא נפתח. והתחלה כלב שהוא ממרח! כלב שנראה שעבר חיים מאוד קשים אבל גילה שיש גם אנשים טובים ואם תהיו סבלניים וולברין יפתח אליכם ויודה לכם באהבה עצומה כל החיים. וולברין לוקח חלק בפרויקט #אומנהלחיים אימוץ ללא עלות, כולל טיפולים רפואים בהתאם לגילו- עלינו ו-2 שקי מזון מתנת אורבן צ'ויס..",וולברין,8 שנים,10-09-2015,זכר,בינוני,חום שחור לבן,חינוך בסיסי,מעורב,"ספורטאים, אנשים שכבר גדלו כלב בעבר",https://www.letlive.org.il/wp-content/uploads/2021/08/wal13-330x330.jpg,https://www.letlive.org.il/?pet=%d7%95%d7%95%d7%9c%d7%91%d7%a8%d7%99%d7%9f
125,"ביידן היפהפיה אומצה בתור גורה ואז נקשרה בחצר הבית. כלבה שהעבירה את חייה קשורה ונראה שעברה התעללות קשה. היא הגיעה אלינו, אומצה ושוב ננטשה..ביידן לא שומעת באוזן אחת, מה שמגביר את החשדנות והלחץ שלה מאנשים חדשים, מה שמקשה עליה למצוא מאמצים שיעבדו איתה ויבטיחו לה בית לחיים שלמים..היא זקוקה למאמצים עם ניסיון והרבה אהבה לתקן את הנזק שנגרם לה..",ביידן,5 שנים,13-06-2018,נקבה,בינוני,לבן,חינוך בסיסי,מעורב,"ספורטאים, אנשים שכבר גדלו כלב בעבר, בית עם חתולים",https://www.letlive.org.il/wp-content/uploads/2021/10/bi16-330x330.jpg,https://www.letlive.org.il/?pet=%d7%91%d7%99%d7%99%d7%93%d7%9f
126,"אחד החמודים אם לא ה-! נזם המהמם לוקח חלק בפרוייקט #אומנהלחיים אימוץ ללא עלות עבור הכלבים המבוגרים שלנו, כשהטיפול הרפואי בבעיות הקשורות לגילו, עלינו ו-2 שקי מזון גדולים מתנת ביופט. זה הגור הכי חמוד בעולם. הוא כל כך אוהב לשחק ולהתפנק הוא ננטש מבית בו הוחזק בחצר קשור- נו באמת!!!!!  נזם מחכה לזכות בחיים חדשים והכי מגיע לו.",נזם,9,09-03-2015,זכר,בינוני,חום שחור,מאולף,מלינוואה,"ספורטאים, אנשים שכבר גדלו כלב בעבר, ילדים",https://www.letlive.org.il/wp-content/uploads/2023/09/nezem-9-330x330.jpg,https://www.letlive.org.il/?pet=%d7%a0%d7%96%d7%9d-2
127,"כלבלבונת סופר חרדתית ועדינה, שוברת את הלב, זקוקה לבית סבלני וסופר אוהב, שיחזיר לה את האמון בבני האדם והיא תהיה אסירת תודה לעולם.",דנונה,6 שנים,27-12-2017,נקבה,בינוני,חום,חינוך בסיסי,מעורב,"ילדים, ספורטאים, אנשים שכבר גדלו כלב בעבר, בית עם חתולים",https://www.letlive.org.il/wp-content/uploads/2023/07/danon1-330x330.jpg,https://www.letlive.org.il/?pet=%d7%93%d7%a0%d7%95%d7%a0%d7%94
128,"איך זה מרגיש להיות בכלוב בחום נוראי? אפילו נולה, שבד""כ נובחת נורא כשעוברים ליד הכלוב שלה, מותשת, שומרת אויר לנשימה. נולה המקסימה, לוקחת חלק בפרוייקט #אומנהלחיים אימוץ ללא עלות עבור הכלבים המבוגרים שלנו, כשהטיפול הרפואי בבעיות הקשורות לגילה, עלינו ו-2 שקי מזון מתנת ביופט. נולה מדהימה עם אנשים לאחר שמכירה, אבל חוששת מאנשים זרים ולכן צריכה בטיולים ללכת עם מחסום. היא כלבה של אהבה, פשוט חששנית במפגש ראשון זאת לא סיבה להעניש אותה ולגרום לה לסבול עכשיו המון..",נולה,11 שנים,24-08-2012,נקבה,בינוני,חום לבן,חינוך בסיסי,מעורב,"אנשים שכבר גדלו כלב בעבר, בית עם חתולים, ילדים, ספורטאים",https://www.letlive.org.il/wp-content/uploads/2021/08/nula05-330x330.jpeg,https://www.letlive.org.il/?pet=%d7%a0%d7%95%d7%9c%d7%94-2
129,"יפיוף על 3 רגליים, סשה הוא כלב חזק ומדהים. הוא לא מתחבר לכל אחד, בגלל חוויות קשות שעבר בחייו. הוא הספיק להיות בבית ולחזור, אחרי שתקף ילד שלקח לו את הכדור..הוא זקוק למאמצים עם ניסיון, בבית בלי ילדים, מאמצים שרוצים לתקן לב שעבר חוויות כואבות מדי בחיי.",סשה,5 שנים,03-07-2018,זכר,בינוני,חום שחור,חינוך בסיסי,מעורב,"ספורטאים, אנשים שכבר גדלו כלב בעבר",https://www.letlive.org.il/wp-content/uploads/2023/08/sasha-2-330x330.jpg,https://www.letlive.org.il/?pet=%d7%a1%d7%a9%d7%94
130,"פז הכלבלב שאי אפשר לא להיות בו מאוהב! את פז קנו כשהיה גורון קטנטן ואז כשנהייה חולה הוא ננטש כמו חפץ מקולקל. פז הוא כלב מיוחד. הוא שונה משאר הכלבים בהתנהלות שלו, אבל לא שונה באהבה שלו. הראש של פז עובד קצת אחרת ולכן הוא מתנהל באיטיות, לפעמים קצת מאבד שיווי משקל, אבל כלב כזה מיוחד-אין לאף אחד. פז לוקח חלק בפרויקט #אומנהלחיים אימוץ ללא עלות, כולל טיפולים רפואיים עלינו ו-2 שקי מזון מתנת אורבן צ'ויס.",פז,3 שנים,17-02-2021,זכר,בינוני,שחור לבן,חינוך בסיסי,מעורב,"ילדים, אנשים שכבר גדלו כלב בעבר, בית עם חתולים",https://www.letlive.org.il/wp-content/uploads/2023/08/paz-2-330x330.jpg,https://www.letlive.org.il/?pet=%d7%a4%d7%96
131,"פונץ' הממתק! כלבלבון סופר חברותי ומקסים, שיכול להיות מאוד טריטוריאלי למקום שלו ולצעצועים שלו ולכן זקוק למאמצים מנוסים. כלב עמוס באהבה, שיכניס הביתה מלא שמחה.",פונץ',3 שנים,02-02-2021,זכר,בינוני,חום לבן,מאולף,מעורב,"אנשים שכבר גדלו כלב בעבר, ספורטאים",https://www.letlive.org.il/wp-content/uploads/2023/08/punch5-330x330.jpg,https://www.letlive.org.il/?pet=%d7%a4%d7%95%d7%a0%d7%a5-5
132,"לאב האומלל ננטש כבר משני בתים…כלב חרדתי, שמטופל בכדורים, ננטש כבר פעמיים כי לא מסתדר עם אנשים שלא מכיר..ולכן כשמגיעים אורחים הביתה- צריך לשמור עליו שלא ינהם…אהוב אומלל. זקוק לבית עם ניסיון, בית בלי ילדים, בית שיהיה מספיק סבלני לתקן את הלב שמרוסק בפנים. לאב לוקח חלק בפרויקט #אומנהלחיים אימוץ ללא עלות עבור הכלבים המבוגרים שלנו, כולל טיפולים רפואיים, בהתאם לגילו- עלינו, ו-2 שקי מזון מתנת אורבן צ'ויס..",לאב,8 שנים,09-09-2015,זכר,בינוני,חום לבן,חינוך בסיסי,מעורב,"ספורטאים, אנשים שכבר גדלו כלב בעבר",https://www.letlive.org.il/wp-content/uploads/2023/08/love-7-330x330.jpg,https://www.letlive.org.il/?pet=%d7%9c%d7%90%d7%91
133,"בקהאם המשגע! רועה בלגי מעורב עם לב זהב. כלב מקסים, שקצת חושש וחושד במפגש ראשון, אבל כשמכיר נותן אהבה והמון. מסתדר עם כלבים, מרעיף אהבה לכל הסובבים, רק זקוק ליותר מרגע אחד, כדי לפתוח את ליבו לעד..",בקהאם,שנה,03-08-2022,זכר,גדול,חום,חינוך בסיסי,"מעורב, מלינוואה","ספורטאים, אנשים שכבר גדלו כלב בעבר",https://www.letlive.org.il/wp-content/uploads/2023/08/bekham4-1-330x330.jpg,https://www.letlive.org.il/?pet=%d7%91%d7%a7%d7%90%d7%94%d7%9d
134,"בנפיקה המהממת!!!!!! פצצת אנרגיה משגעת שמחכה למישהו לרוץ איתו למרחקים ארוכים. כלבה חזקה ומדהימה, שמעניקה כמויות אדירות של אהבה..",בנפיקה,5 שנים,20-02-2019,נקבה,בינוני,חום,חינוך בסיסי,מלינוואה,"ילדים, ספורטאים, אנשים שכבר גדלו כלב בעבר",https://www.letlive.org.il/wp-content/uploads/2023/08/benpika3-330x330.jpg,https://www.letlive.org.il/?pet=%d7%91%d7%a0%d7%a4%d7%99%d7%a7%d7%94
135,"כלבלונת סופר חרדתית ועצובה, שהוצאנו מהסגר בדרום. ססיל המתוקה, נראה שבחייה הקצרים כבר חוותה חוויות רעות מאנשים וייקח המון זמן עד שהלב יסיר את החומות. זקוקה למאמצים עם ניסיון וסבלנות, שיגיעו כמה פעמים ויתנו לה הזדמנות להכיר ולרכוש אמון.",ססיל,3 שנים,01-09-2020,נקבה,בינוני,חום לבן,חינוך בסיסי,מעורב,"אנשים שכבר גדלו כלב בעבר, בית עם חתולים, ילדים, ספורטאים",https://www.letlive.org.il/wp-content/uploads/2022/11/seseil-330x330.jpg,https://www.letlive.org.il/?pet=%d7%a1%d7%a1%d7%99%d7%9c
136,"את ברבי הבובה מצאו חיילים בבסיס שלהם. המתוקה עבר אלינו וטופלה וכעת מחכה לבית מלא באהבה. כלבה עדינה וביישנית במפגש ראשון, תיפתח לאהבה גדולה בבית סבלני שיעניק פינוקים- והמון.",ברבי,4 שנים,05-02-2020,נקבה,בינוני,בז',חינוך בסיסי,מעורב,"ילדים, ספורטאים, אנשים שכבר גדלו כלב בעבר, בית עם חתולים",https://www.letlive.org.il/wp-content/uploads/2022/10/barbi43-330x330.jpg,https://www.letlive.org.il/?pet=%d7%91%d7%a8%d7%91%d7%99-6
137,חתיך על חלל שננטש מבית ולקח את הפרידה מאוד קשה. פרנקו הוא כלב שלא סומך על אנשים ולוקח לו המון זמן עד שהוא מסיר את החומות ומאפשר לגשת ללב שמדמם שם בפנים. הוא יכול להיות לא צפוי ולכן לא מתאים לבית עם ילדים קטנים וזקוק למאמצים עם ניסיון שיתקנו את הנזק שנגרם לו.,פרנקו,6 שנים,03-01-2018,זכר,בינוני,חום לבן,חינוך בסיסי,מעורב,"ספורטאים, אנשים שכבר גדלו כלב בעבר",https://www.letlive.org.il/wp-content/uploads/2023/01/franko5-330x330.jpg,https://www.letlive.org.il/?pet=%d7%a4%d7%a8%d7%a0%d7%a7%d7%95
138,"את סקיי המהממת החזיקו כל חייה קשורה בחצר וגרמו לה עוול נוראי! היא ננטשה מאותו הבית- וטוב שכך (!) אבל נותרה עם חוסר אמון מוחלט בבני האדם. מאוד לחוצה במפגש חדש עם אנשים, כשמכירה, מקסימה, אבל זקוקה למאמצים עם ניסיון ורצון לתקן לב שהרסו במשך חיים שלמים. סקיי לוקחת חלק בפרויקט #אומנהלחיים אימוץ ללא עלות, כולל טיפולים רפואיים בהתאם לגילה-עלינו ו-2 שקי מזון מתנת ביופט.",סקיי,8 שנים,20-05-2015,נקבה,גדול,חום לבן,חינוך בסיסי,מעורב,"ספורטאים, אנשים שכבר גדלו כלב בעבר",https://www.letlive.org.il/wp-content/uploads/2023/08/sky-2-330x330.jpg,https://www.letlive.org.il/?pet=%d7%a1%d7%a7%d7%99%d7%99-2
139,"בובי בובוני! כלבלבון עם אנרגיות מקפיצות, ממתק בינלאומי שאוהב מלא להשתובב ולשחק ומחכה להפיץ אור ואהבה בבית הכי מפנק שיש..",בובי,שנה,09-08-2022,זכר,בינוני,שחור לבן,מאולף,מעורב,"ספורטאים, ילדים",https://www.letlive.org.il/wp-content/uploads/2023/08/bobi3-330x330.jpg,https://www.letlive.org.il/?pet=%d7%91%d7%95%d7%91%d7%99-11
140,"כלבלבונת עצובה שחיה חמש שנים במפעל. שושה המתוקה, כלבה מאוד חששנית וטריטוריאלית. לוקח לה הרבה זמן לבנות אמון ולהפתח וזקוקה למאמצים עם ניסיון שיתקנו שנים של לב כואב מאוד. שושה לוקחת חלק בפרויקט  #אומנהלחיים אימוץ ללא עלות עבור הכלבים המבוגרים שלנו, כולל טיפולים רפואיים, בהתאם לגילה- עלינו, ו-2 שקי מזון מתנת ביופט.",שושה,7 שנים,08-06-2016,נקבה,בינוני,חום לבן,חינוך בסיסי,מעורב,"ספורטאים, אנשים שכבר גדלו כלב בעבר",https://www.letlive.org.il/wp-content/uploads/2021/08/shusha-330x330.jpg,https://www.letlive.org.il/?pet=%d7%a9%d7%95%d7%a9%d7%94-2
141,"ליאו היפיוף הוא כלב מאוד לחוץ. הוא אנרגטי ומקסים, אבל זקוק לזמן כדי להכיר ולהסיר חומות ולכן מחכה למאמצים עם ניסיון.",ליאו,6 שנים,07-02-2018,זכר,בינוני,חום שחור,חינוך בסיסי,מעורב,"ספורטאים, אנשים שכבר גדלו כלב בעבר",https://www.letlive.org.il/wp-content/uploads/2022/09/lio-9-330x330.jpg,https://www.letlive.org.il/?pet=%d7%9c%d7%99%d7%90%d7%95-6
142,"דורית המתוקית, נמצאה עם הגורים שלה, רזה ואומללה, דאגה לגוריה במסירות מעוררת הערצה. הגורים אומצו ועכשיו מגיע גם לה, שמישהו ידאג לה ויפנק בלי הפסקה.",דורית,3 שנים,10-03-2021,נקבה,בינוני,חום,חינוך בסיסי,מעורב,"ילדים, ספורטאים",https://www.letlive.org.il/wp-content/uploads/2023/07/dorit-5-330x330.jpg,https://www.letlive.org.il/?pet=%d7%93%d7%95%d7%a8%d7%99%d7%aa
143,"מתיקות שיא של כלבה מדהימה עם עיניים כובשות, את לוקה אימצו בתור גורה ונטשו אותה מבית אחרי 4 שנים כי רכושנית לצעצועים שלה ולמזון. כלבה מקסימה שמחכה למאמצים שמבינים עניין, למאמצים שיבטיחו לה לתמיד בית חם. #אומנהלחיים הפרוייקט שלנו לקיץ, אימוץ ללא עלות עבור הכלבים המבוגרים שלנו, כולל טיפולים רפואיים במידת הצורך ו-2 שקי מזון מתנת ביופט.",לוקה,10 שנים,08-03-2014,נקבה,בינוני,חום,חינוך בסיסי,מעורב,"ספורטאים, אנשים שכבר גדלו כלב בעבר",https://www.letlive.org.il/wp-content/uploads/2023/07/loka-2-330x330.jpg,https://www.letlive.org.il/?pet=%d7%9c%d7%95%d7%a7%d7%94-6
144,"יוהאן המתוק, עומד ומחכה שתגיעו לקחת אותו היום לבית לו הוא כל כך מחכה. כלבלבון חמודון, קצת ביישן במפגש ראשון, אבל מהר מאוד נפתח לאהבה ומחכה למאמצים שיעניקו לו ביטחון והרבה פינוקים, בבית לא פחות ממקסים..",יוהאן,3 שנים,02-03-2021,זכר,בינוני,חום,חינוך בסיסי,מעורב,"ילדים, ספורטאים",https://www.letlive.org.il/wp-content/uploads/2022/08/yohan-9-330x330.jpg,https://www.letlive.org.il/?pet=%d7%99%d7%95%d7%94%d7%90%d7%9f-2
145,"כלבה סופר חששנית ועדינה, בילי היא כלבלבונת ששוברת את הלב, יש לה בלב כל כך הרבה כאב. מתוקה אמיתית, שזקוקה לכמה מפגשים כדי להפתח למגע. בילי זקוקה למאמצים עם סבלנות וניסיון, כדי לרפא את הלב שכואב נורא.",בילי,4 שנים,14-02-2020,נקבה,בינוני,חום לבן,חינוך בסיסי,מעורב,"אנשים שכבר גדלו כלב בעבר, בית עם חתולים, ילדים, ספורטאים",https://www.letlive.org.il/wp-content/uploads/2022/02/bil9-330x330.jpg,https://www.letlive.org.il/?pet=%d7%91%d7%99%d7%9c%d7%99-8
146,"כזאת טובה, כל כך עדינה וכמה אהבה שהיא מבקשת! ג'וזי היפהפיה שלנו, ננטשה בפעם הראשונה, אחרי 6 שנים מבית, כי היתה טריטוריאלית ובפעם השנייה כי לא הסתדרה עם הילדים. יש בה כל כך הרבה רצון לאהבה, הדבר היחיד שהיא מבקשת כל הזמן זה שיגעו בה ויאהבו אותה בלי סוף, ככה שממש לא ברור איך הלב הזה, פעמיים, התרסק לאלף ואחת חתיכות. ג'וזי לוקחת חלק בפרויקט #אומנהלחיים אימוץ ללא עלות עבור הכלבים המבוגרים שלנו, כשהטיפול הרפואי בבעיות הקשורות לגילה, עלינו ו-2 שקי מזון גדולים מתנת ביופט.",ג'וזי,9,10-03-2015,נקבה,בינוני,חום שחור,חינוך בסיסי,מעורב,"אנשים שכבר גדלו כלב בעבר, ילדים, ספורטאים",https://www.letlive.org.il/wp-content/uploads/2023/07/gozi-1-330x330.jpg,https://www.letlive.org.il/?pet=%d7%92%d7%95%d7%96%d7%99-2
147,"כלבלבונת עדינה וחששנית שהוצאנו מהסגר. סתיו המתוקה, בחייה הקצרים נראה שכבר הספיקה לחוות הרבה כאב. סתיו זקוקה לבית סבלני ואוהב, שהשמחה תחזור לעיניים והלב יתרחב.",סתיו,6 שנים,07-03-2018,נקבה,בינוני,שחור לבן,חינוך בסיסי,מעורב,"ילדים, ספורטאים, אנשים שכבר גדלו כלב בעבר, בית עם חתולים",https://www.letlive.org.il/wp-content/uploads/2019/03/stav-22-330x330.jpg,https://www.letlive.org.il/?pet=%d7%a1%d7%aa%d7%99%d7%95
148,"יפיוף על שננטש שוב ושוב עם לב מרוסק וכואב. מאז, טופי שומר מכל משמר על מי שאוהב ובגלל שטריטוריאלי מתקשה למצוא בית אוהב. כלב מקסים, עמוס באהבה, שרוצה, אחת ולתמיד לזכות באהבה לתמיד. טופי לוקח חלק בפרוייקט #אומנהלחיים אימוץ ללא עלות עבור הכלבים המבוגרים שלנו, כולל 2 שקי מזון מתנת ביופט וטיפולים רפואיים בהתאם לגילו.",טופי,10 שנים,08-08-2013,זכר,גדול,לבן,חינוך בסיסי,מעורב,"ילדים, ספורטאים, אנשים שכבר גדלו כלב בעבר, בית עם חתולים",https://www.letlive.org.il/wp-content/uploads/2022/11/tofi-2-330x330.jpg,https://www.letlive.org.il/?pet=%d7%98%d7%95%d7%a4%d7%99-6
149,"את שמש המתוק הוצאנו מהסגר כדי להעניק לו עתיד טוב יותר! כלב עדין וביישן, מתוק ומקסים, שפשוט זקוק למאמצים סבלניים איתם יוכל להפתח ואז השמש יזרח!.",שמש,4 שנים,10-07-2019,זכר,בינוני,חום לבן,חינוך בסיסי,מעורב,"ילדים, ספורטאים, אנשים שכבר גדלו כלב בעבר, בית עם חתולים",https://www.letlive.org.il/wp-content/uploads/2021/08/shem12-330x330.jpg,https://www.letlive.org.il/?pet=%d7%a9%d7%9e%d7%a9-6
150,"ניק נמצא אחרי שעבר התעללות קשה, עם קולר שקרע את צווארו, מורעב ומיובש. למרות מה שעבר, המתוק הזה לא הפסיק לכשכש בזנבו וביקש עזרה, ניק טופל והחלים ואנחנו מאושרים לעדכן שהוא יכול לצאת להתפנק בבית אוהב שכל כך מגיע לו. ניק, מתוק ועדין.",ניק,3 שנים,18-08-2020,זכר,בינוני,חום לבן,חינוך בסיסי,מעורב,"ילדים, ספורטאים",https://www.letlive.org.il/wp-content/uploads/2022/05/nik1-330x330.jpeg,https://www.letlive.org.il/?pet=%d7%a0%d7%99%d7%a7-3
151,"ניר המתוק, כלבלב סופר חששן ועדין כל כך, עם לב שבור הוא מחכה למאמצים סבלניים, לבית שילמד אותו שיש אהבה טובה וששווה להיות אמיץ בשבילה.",ניר,4 שנים,02-08-2019,זכר,בינוני,חום לבן,חינוך בסיסי,מעורב,"ילדים, ספורטאים, אנשים שכבר גדלו כלב בעבר, בית עם חתולים",https://www.letlive.org.il/wp-content/uploads/2022/09/nir-5-330x330.jpg,https://www.letlive.org.il/?pet=%d7%a0%d7%99%d7%a8-2
152,"ג'ינג'ית מהממת ביופיה, את לוקה נטשו מבית בגלל שטריטוריאלית והיא בכלוב בוכה. כלבה מקסימה עם לב שבור לרסיסים, מחכה למאמצים עם ניסיון, ישבטיחו להיות לה למשפחה- לתמיד.",לוקה,5 שנים,06-02-2019,נקבה,בינוני,חום,חינוך בסיסי,מעורב,"ילדים, ספורטאים, אנשים שכבר גדלו כלב בעבר",https://www.letlive.org.il/wp-content/uploads/2023/07/loka-2-1-330x330.jpg,https://www.letlive.org.il/?pet=%d7%9c%d7%95%d7%a7%d7%94-9
153,"ריידר ננטש מבית ולקח את הפרידה מאוד מאוד קשה (ובצדק). במשך מספר ימים כמעט ולא נתן לנו להתקרב אליו ושבר לנו את הלב. ואז לאט לאט החל להיפתח והתגלה כלב מקסים. ריידר זקוק למאמצים עם ניסיון, בבית בלי ילדים, הוא יהיה החבר הכי טוב שלכם, אם רק תתנו לו הזדמנות, תגיעו לכמה מפגשים עם המאלפים שלנו ותעניקו לו הזדמנות לתקן את הלב שנשבר לרסיסים.  ריידר לוקח חלק בפרויקט #אומנהלחיים אימוץ ללא עלות, כולל טיפולים רפואיים, בהתאם לגילו, עלינו ו-2 שקי מזון מתנת אורבן צ'ויס.",ריידר,8 שנים,11-02-2016,זכר,בינוני,חום,חינוך בסיסי,"מעורב, מלינוואה","ספורטאים, אנשים שכבר גדלו כלב בעבר",https://www.letlive.org.il/wp-content/uploads/2022/08/id-330x330.jpg,https://www.letlive.org.il/?pet=%d7%a8%d7%99%d7%99%d7%93%d7%a8
154,"אמציה המשגע! כלב מצחיק, שילוב של צבוע וכלבלב, הגיע מהסגר בצפון עם רגל שבורה, טופל והחלים ומחכה לבית זהב. מתפנק, חברותי ומדהים..",אמציה,שנתיים,03-07-2021,זכר,בינוני,מנומר,חינוך בסיסי,מעורב,"ילדים, ספורטאים",https://www.letlive.org.il/wp-content/uploads/2023/07/maurizio-330x330.jpg,https://www.letlive.org.il/?pet=%d7%90%d7%9e%d7%a6%d7%99%d7%94
155,"פיפיו אומץ בתור גור קטן וחזר גמור לכלוב. כלב לחוץ וחששן, שמאוד נבהל ממפגש עם אנשים חדשים ונוהם. כלב עם לב שבור שזקוק למאמצים עם ניסיון שיתקנו את הלב ויבטיחו לו בית- לתמיד!.",פיפיו,5 שנים,20-09-2018,זכר,גדול,חום,חינוך בסיסי,מעורב,"ספורטאים, אנשים שכבר גדלו כלב בעבר",https://www.letlive.org.il/wp-content/uploads/2022/05/fifin2-330x330.jpg,https://www.letlive.org.il/?pet=%d7%a4%d7%99%d7%a4%d7%99%d7%95
156,"בונו היפיוף ננטש מבית עם לב מרוסק. כלב עדין, חששן וביישן שלוקח לו זמן להיפתח, עכשיו צריך להתחיל הכל מהתחלה. בונו מחכה למאמצים סבלניים, בבית שיבטיח להיות שלו לעולמים..",בונו,5 שנים,11-07-2018,זכר,בינוני,חום לבן,חינוך בסיסי,מעורב,"ספורטאים, אנשים שכבר גדלו כלב בעבר",https://www.letlive.org.il/wp-content/uploads/2021/11/bobo1-1-330x330.jpg,https://www.letlive.org.il/?pet=%d7%91%d7%95%d7%a0%d7%95-3
157,"זה כזה דובון אכפת לי מתוק, שפשוט אי אפשר שלא להתאהב בו בשניות! אופירי הוא פשוט כלבלב חמוד ברמות מוגזמות. הפרצופון הזה מספר רק במעט, על החמידות שמתפרצת כנמצאים בחברתו. הוא ביישן, הוא לא ממש יודע איך להגיב עם אנשים חדשים וכמו רב הכלבים ינבח…אבל טיפת סבלנות ואתם מאוהבים בטירוף!.",אופיר,4 שנים,02-12-2019,זכר,בינוני,חום לבן,חינוך בסיסי,מעורב,"ילדים, ספורטאים, אנשים שכבר גדלו כלב בעבר",https://www.letlive.org.il/wp-content/uploads/2023/07/ofir32-330x330.jpg,https://www.letlive.org.il/?pet=%d7%90%d7%95%d7%a4%d7%99%d7%a8-2
158,"אי אפשר להתחיל בכלל להסביר במילים כמה שהכלבה הזאת היא מדהימה! נסיכה מהאגדות, עדינה וטובה כזאת,שננטשה מבית עם לב מרוסק ומטופלת בנוגדי חרדה בגלל שחרדתית נורא…אנשים עם ניסיון וסבלנות יזכו באהובה מהאגדות! סול לוקחת חלק בפרוייקט #אומנהלחיים אימוץ ללא עלות עבור הכלבים המבוגרים שלנו, כשהטיפול הרפואי בבעיות הקשורות לגילה, עלינו ו-2 שקי מזון גדולים מתנת ביופט.סול מסתדרת עם חלק מהכלבים וחתולים, צריכה בית סבלני עם ניסיון ובלי ילדים, היא צריכה שמישהו ימצא את המפתח לליבה, יציל אותה ויהיה סובלני וקשוב לנפש פגועה שלא מצליחה להתאושש וכואבת נורא..",סול,10 שנים,21-08-2013,נקבה,בינוני,חום לבן,חינוך בסיסי,מעורב,"אנשים שכבר גדלו כלב בעבר, בית עם חתולים, ספורטאים",https://www.letlive.org.il/wp-content/uploads/2023/02/sol-3-330x330.jpg,https://www.letlive.org.il/?pet=%d7%a1%d7%95%d7%9c
159,"פלאפל הכלבלב שיכניס לחייכם אהבה והמון שמחה, הוא הגיע אלינו בתור גור קטן עם שבר שתוקן אומץ ואז חזר לכלוב מאוד עצוב. אנרגטי ומלא שמחת חיים, לאנשים שרוצים לנצח להישאר ילדים. פלאפל לוקח חלק בפרויקט #אומנהלחיים אימוץ ללא עלות, כולל טיפולים רפואיים בהתאם לגילו-עלינו ו-2 שקי מזון גדולים מתנת אורבן צ'ויס.",פלאפל,7 שנים,06-12-2016,זכר,בינוני,חום לבן,חינוך בסיסי,מעורב,"ספורטאים, אנשים שכבר גדלו כלב בעבר",https://www.letlive.org.il/wp-content/uploads/2021/10/flaf5-e1640202646217-330x330.jpg,https://www.letlive.org.il/?pet=%d7%a4%d7%9c%d7%90%d7%a4%d7%9c
160,"אלאדין נמצא משוטט לבד באזור הצפון ונראה שעבר חיים לא קלים עד עכשיו. הוא עלול להיות לחוץ ולכן זקוק למאמצים עם ניסיון בבית בלי ילדים קטנים, מאמצים שיעבדו איתו ויעניקו לו בית לתמיד.",אלאדין,6 שנים,11-10-2017,זכר,בינוני,שחור,חינוך בסיסי,מעורב,"אנשים שכבר גדלו כלב בעבר, בית עם חתולים, ספורטאים",https://www.letlive.org.il/wp-content/uploads/2021/10/al4-e1634547089283-330x330.jpg,https://www.letlive.org.il/?pet=%d7%90%d7%9c%d7%90%d7%93%d7%99%d7%9f
161,"כלבלב עדין וביישן שננטש מבית כי מאוד לחוץ ממפגשים עם אנשים חדשים. מוריסי רוצה עכשיו להגיע לבית עם מאמצים מנוסים, שיתנו לו את הזמן להפתח ויבטיחו להיות שלו לעד.",מוריסי,3 שנים,09-02-2021,זכר,בינוני,בז',חינוך בסיסי,מעורב,"ספורטאים, אנשים שכבר גדלו כלב בעבר",https://www.letlive.org.il/wp-content/uploads/2022/05/morisi43-330x330.jpg,https://www.letlive.org.il/?pet=%d7%9e%d7%95%d7%a8%d7%99%d7%a1%d7%99
162,"צ'פלין הגיע אלינו בתור גור קטן, אומץ ואחרי 3 שנים בבית ננטש, כי נוהם על אנשים שלא מכיר. מתוק, עדין וחששן, שזקוק למאמצים עם ניסיון, שיבטיחו לו עכשיו בית לתמיד ולא ישברו לו, שוב, את הלב לרסיסים.",צ'פלין,5 שנים,17-10-2018,זכר,בינוני,חום לבן,חינוך בסיסי,מעורב,"אנשים שכבר גדלו כלב בעבר, בית עם חתולים, ילדים, ספורטאים",https://www.letlive.org.il/wp-content/uploads/2021/10/chap-330x330.jpg,https://www.letlive.org.il/?pet=%d7%a6%d7%a4%d7%9c%d7%99%d7%9f
163,"מחונך לצרכים, גדול ומדהים, נמר המשגע נמצא במצב הזנחה קשה מאוד. הוא טופל, קיבל מלא ואהבה ויצא להתפנק באומנה. עכשיו המהמם הזה מחכה לבית שאוהב חיבוקים גדולים..",נמר,6 שנים,13-06-2017,זכר,גדול,שחור לבן,חינוך בסיסי,"מעורב, דני","ילדים, ספורטאים",https://www.letlive.org.il/wp-content/uploads/2023/06/namer-330x330.jpg,https://www.letlive.org.il/?pet=%d7%a0%d7%9e%d7%a8
164,"כלבלבונת סופר חששנית ועצובה, אפרתי המתוקה זקוקה למאמצים שיגיעו מספר פעמים כדי לעבוד איתה ועם המאלפים ולהעניק לה ביטחון ולזכות בבית בו תוכל לפרוח ולאהוב המון.",אפרת,4 שנים,07-06-2019,נקבה,בינוני,חום לבן,חינוך בסיסי,מעורב,"אנשים שכבר גדלו כלב בעבר, בית עם חתולים, ילדים, ספורטאים",https://www.letlive.org.il/wp-content/uploads/2023/06/efrat-5-330x330.jpg,https://www.letlive.org.il/?pet=%d7%90%d7%a4%d7%a8%d7%aa-4
165,"כלבלבונת חששנית עדינה וביישנית שזקוקה ליותר ממפגש אחד כדי להפתח. מל המקסימה, כלבה שבעדינות וסבלנות תיפתח לאהבה גדולה.",מל,3 שנים,11-12-2020,נקבה,בינוני,שחור לבן,חינוך בסיסי,מעורב,"ילדים, ספורטאים, אנשים שכבר גדלו כלב בעבר, בית עם חתולים",https://www.letlive.org.il/wp-content/uploads/2021/07/mel-1-330x330.jpg,https://www.letlive.org.il/?pet=%d7%9e%d7%9c-2
166,פעמיים נטשו את סוזי מבית והיפהפיה הזאת מאז מאוד לחוצה מאנשים חדשים. היא יכולה להיות תוקפנית כשלא מכירה ולכן זקוקה לבית עם מאמצים עם ניסיון ובלי ילדים קטנים..,סוזי,3 שנים,04-05-2020,נקבה,בינוני,לבן,חינוך בסיסי,מעורב,"ספורטאים, אנשים שכבר גדלו כלב בעבר",https://www.letlive.org.il/wp-content/uploads/2021/05/suzi8-330x330.jpg,https://www.letlive.org.il/?pet=%d7%a1%d7%95%d7%96%d7%99-4
167,"3 שנים שמיילו היה חלק ממשפחה ואז ננטש. מיילו היפיוף, כלב עדין שמפחד להשאר בבית לבד, מפחד כשמגיעים אורחים ועל כך 'נענש' ולכלוב הגיע עצוב כל כך. מיילו זקוק למאמצים שעובדים מהבית או שיקחו אותו איתם לעבודה. מאמצים שיבטיחו להיות לו לבית, בטוב וגם ברע..",מיילו,4 שנים,01-09-2019,זכר,בינוני,מעורב,חינוך בסיסי,מעורב,"ילדים, ספורטאים, אנשים שכבר גדלו כלב בעבר",https://www.letlive.org.il/wp-content/uploads/2023/06/milo-2-330x330.jpg,https://www.letlive.org.il/?pet=%d7%9e%d7%99%d7%99%d7%9c%d7%95-2
168,"ג'וני מהממוני, הגיע אלינו בתור גורון קטן וחולה עם רגל פצועה. חודשים ארוכים שהוא טופל במרפאה. הוא החלים, הרגל עדיין נותרה חלשה אבל המתיקות רק גדלה. ג'וני מחכה כעת לצאת לבית הכי מפנק שיש..",ג'וני,3 שנים,24-03-2021,זכר,בינוני,חום לבן,חינוך בסיסי,מעורב,"ילדים, ספורטאים, בית עם חתולים",https://www.letlive.org.il/wp-content/uploads/2022/12/joni-330x330.jpg,https://www.letlive.org.il/?pet=%d7%92%d7%95%d7%a0%d7%99-8
169,"כבר יותר מדי שנים שיושב לו בכלוב נמר אחד מושלם, טייגר האהוב, ממש לא ברור וזו בהחלט אחת התעלומות, איך כלבלב מהמם שכזה מחכה כל כך הרבה זמן לבשורות טובות. הוא כל כך צמא לאהבה, כל כך זקוק כבר למרחבים שבחוץ, לאויר לנשימה, הוא פשוט נעלם בין עשרות הכלבים והגיע הזמן שתכירו אותו ותבואו במיוחד בשבילו לכלבייה- כדי שיוכל לזכות סוף סוף בחיים להם הוא מחכה כבר שנים. אחרי 9 שנים (!) הוא חייב להגיע הביתה לתמיד! טייגר לוקח חלק בפרויקט #אומנהלחיים אימוץ ללא עלות עבור הכלבים המבוגרים שלנו, כשהטיפולים הרפואיים, בהתאם לגילו, עלינו,  ושני שקי מזון מתנת ביופט ..כלב של אהבה בלי סוף, צמא לחופש וטיולים. הוא היה טריטוריאלי בבית ולכן חזר מספר פעמים והפעם מקווה לזכות במאמצים עם ניסיון שיבטיחו אהבה לתמיד..",טייגר,12 שנים,14-10-2011,זכר,בינוני,מנומר,חינוך בסיסי,מעורב,"ספורטאים, אנשים שכבר גדלו כלב בעבר",https://www.letlive.org.il/wp-content/uploads/2023/06/tiger-2-330x330.jpg,https://www.letlive.org.il/?pet=%d7%98%d7%99%d7%99%d7%92%d7%a8-%d7%94%d7%a0%d7%9e%d7%a8
170,"אנרגטית, מתוקה, מלאת שמחת חיים ואהבה וללא כל ספק כוכבת מלידה! מדונה המהממת מחכה לככב אצלכם בבית ולזכות בקהל מעריצים לכל החיים.",מדונה,שנתיים,10-10-2021,נקבה,בינוני,חום,חינוך בסיסי,מעורב,"ילדים, ספורטאים",https://www.letlive.org.il/wp-content/uploads/2023/06/madona12-330x330.jpg,https://www.letlive.org.il/?pet=%d7%9e%d7%93%d7%95%d7%a0%d7%94
171,"בלינקי המשגעת! פצצת אנריגה מתוקה, שאוהבת בלי סוף להשתובב ולשחק ולא מוותרת על לחלק אהבה בכמויות שממלאות את הלב.",בלינקי,4 שנים,30-01-2020,נקבה,בינוני,חום,חינוך בסיסי,מלינוואה,"ילדים, ספורטאים",https://www.letlive.org.il/wp-content/uploads/2022/11/blinki09-330x330.jpg,https://www.letlive.org.il/?pet=%d7%91%d7%9c%d7%99%d7%a0%d7%a7%d7%99-2
172,את קותי המתוק אימצו בתור גור קטן וכשהילדה פחדה ממנו החזירו אותו לכלוב. קותי הוא כלב מקסים. מלא שמחת חיים ואהבה. אוהב לשחק וממש אין שום סיבה ממנו לפחד!.,קותי,3 שנים,06-01-2021,זכר,בינוני,חום לבן,חינוך בסיסי,מעורב,"ילדים, ספורטאים",https://www.letlive.org.il/wp-content/uploads/2023/06/kuti-1-330x330.jpg,https://www.letlive.org.il/?pet=%d7%a7%d7%95%d7%aa%d7%99
173,"הכלבלב עם הפרצוף הכי מתוק שיש! כרמון המהממון הגיע אלינו עם לסת מרוסקת לגמרי, אחרי שככל הנראה נדרס ונפגע בצורה קשה. הוא טופל והחלים ומאז פשוט מחלק אהבה לכל הכיוונים. כלב עמוס באנרגיות ושמחת חיים, מחכה למישהו לרוץ איתו, להשתובב ולהתפנק מכל הלב.",כרמון,3 שנים,12-01-2021,זכר,בינוני,חום שחור לבן,חינוך בסיסי,מעורב,"ילדים, ספורטאים",https://www.letlive.org.il/wp-content/uploads/2023/04/carmo2-330x330.jpg,https://www.letlive.org.il/?pet=%d7%9b%d7%a8%d7%9e%d7%95%d7%9f
174,"את בונד החתיך הוצאנו מהסגר בו היה אחרי שננטש כי נשך..בונד הוא כלב מאוד רכושני ולכן זקוק למאמצים עם ניסיון, בבית בלי ילדים קטנים, בבית שיגרום לו להשיב את הביטחון באנשים ולהיות לו למשפחה בטוב וגם ברע.",בונד,6 שנים,07-06-2017,זכר,בינוני,שחור לבן,חינוך בסיסי,"מעורב, בורדר קולי","ספורטאים, אנשים שכבר גדלו כלב בעבר",https://www.letlive.org.il/wp-content/uploads/2021/03/bond-330x330.jpg,https://www.letlive.org.il/?pet=%d7%91%d7%95%d7%a0%d7%93-2
175,"קיץ, חורף, סתיו, אביב, שבע שנים שהילד הנצחי הזה, בוץ' המתוק מחכה לאהבה ועכשיו בוץ' לוקח חלק בפרוייקט #אומנהלחיים אימוץ ללא עלות עבור הכלבים המבוגרים שלנו, כולל טיפולים רפואיים במידת הצורך ו-2 שקי מזון גדולים מתנת ביופט.בוץ' שלנו הוא כלב כל כך רגיש, שלמרות השנים שעברו מאז שננטש, את הבכי שלו בכלוב עדיין שומעים בכלבייה. הוא עדיין אוהב לשחק ולהשתובב כמו גור, להתפנק ולהרעיף ים של אהבה.",בוץ,12 שנים,10-05-2011,זכר,בינוני,חום שחור,חינוך בסיסי,"מעורב, רועה גרמני","ספורטאים, אנשים שכבר גדלו כלב בעבר",https://www.letlive.org.il/wp-content/uploads/2023/06/buch1-2-330x330.jpg,https://www.letlive.org.il/?pet=%d7%91%d7%95%d7%a5
176,"יפהפיה מדהימה, מאוד חששנית וחשדנית עם אנשים שלא מכירה ולכן זקוקה למאמצים עם ניסיון וסבלנות, שיתנו לה את הזמן שלה, להפתח לאהבה..",אליסיה,5 שנים,04-05-2018,נקבה,בינוני,לבן,חינוך בסיסי,"מעורב, לברדור","ילדים, ספורטאים, אנשים שכבר גדלו כלב בעבר",https://www.letlive.org.il/wp-content/uploads/2023/06/alicia-330x330.jpg,https://www.letlive.org.il/?pet=%d7%90%d7%9c%d7%99%d7%a1%d7%99%d7%94
177,"את שלג המתוק נטשו מבית כשנכנסו להריון…כלב מקסים ועדין שריסקו לו את הלב לאלף חתיכות. הוא קצת לחוץ במפגש ראשון, אבל מהר נפתח לאהבה ורוצה להגיע הפעם לבית שיודע שהוא לתמיד, חלק מהמשפחה..",שלג,4 שנים,05-01-2020,זכר,בינוני,בז',חינוך בסיסי,מעורב,"ילדים, ספורטאים",https://www.letlive.org.il/wp-content/uploads/2023/04/sheleg9-330x330.jpg,https://www.letlive.org.il/?pet=%d7%a9%d7%9c%d7%92-11
178,"ריי היפיופון! כלב מקסים שננטש מבית עם לב כואב מאוד! הנסיך הזה עמוס באהבה, מתפנק, אוהב לשחק, טריטוריאלי באוכל ומושלם למחפשים לתמיד אהבה.",ריי,3 שנים,08-07-2020,זכר,בינוני,חום לבן,חינוך בסיסי,מעורב,"ילדים, ספורטאים, אנשים שכבר גדלו כלב בעבר",https://www.letlive.org.il/wp-content/uploads/2023/04/rei23-330x330.jpg,https://www.letlive.org.il/?pet=%d7%a8%d7%99%d7%99-4
179,"הבוקדו המהממת! הכלבלבונת שהלב שלה תמיד מלא שמחה והיא דואגת להפיץ זאת בכל פינה. כלבלבונת חברותית ואנרגטית שאומצה בתור גורה ואז מבית ננטשה כשלדבריהם היתה טריטוריאלית ורכושנית למזון שלה. היא מחכה למאמצים עם ניסיון והבטחה, להיות לה למשפחה, לתמיד, בטוב וגם ברע..",הבוקדו,שנה,07-11-2022,נקבה,בינוני,חום שחור לבן,חינוך בסיסי,מעורב,"ילדים, ספורטאים, אנשים שכבר גדלו כלב בעבר",https://www.letlive.org.il/wp-content/uploads/2023/02/havokado1-330x330.jpg,https://www.letlive.org.il/?pet=%d7%94%d7%91%d7%95%d7%a7%d7%93%d7%95
180,"שלומית החמודית! פצצת אנרגיה מתוקה, שמאוד אוהבת להתפנק, להשתובב ולשחק ומחכה לזכות בבית הכי מושלם שיש..",שלומית,שנתיים,01-01-2022,נקבה,בינוני,חום,חינוך בסיסי,מלינוואה,"ילדים, ספורטאים",https://www.letlive.org.il/wp-content/uploads/2022/08/shlomit-1-330x330.jpg,https://www.letlive.org.il/?pet=%d7%a9%d7%9c%d7%95%d7%9e%d7%99%d7%aa-3
181,"כשרויאל הגיע אלינו הוא לא יכל לעמוד על רגליו! הוא נדרס וסבל משברים ברגלו האחורית והקדמית ועבר ניתוחים מורכבים כדי שיוכל לשוב וללכת. הוא עשה את הבלתי ייאמן, נעמד והיום מתהלך בלי שום בעיה. הוא אומץ וננטש אחרי שלוש שנים, עם לב מרוסק לרסיסים ובאמת שהכלב הזה עבר מספיק ומגיע לו, לתמיד, לזכות בבית שיבטיח לו שקט לחיים שלמים. רויאל לוקח חלק בפרויקט #אומנהלחיים אימוץ ללא עלות, כולל טיפולים רפואיים בהתאם לגילו-עלינו ו-2 שקי מזון גדולים מתנת אורבן צ'ויס.",רויאל,8 שנים,01-05-2015,זכר,גדול,חום לבן,חינוך בסיסי,מעורב,"ספורטאים, אנשים שכבר גדלו כלב בעבר, בית עם חתולים",https://www.letlive.org.il/wp-content/uploads/2021/05/royal-23-330x330.jpg,https://www.letlive.org.il/?pet=%d7%a8%d7%95%d7%99%d7%90%d7%9c
